,Title,Wiki Link,Blurb,x,y,Color
0,Allon Bachuth,https://en.wikipedia.org/wiki/Allon_Bachuth,Oak near Bethel mentioned in Genesis,84.0,140.0,1
1,Allerton Oak,https://en.wikipedia.org/wiki/Allerton_Oak,"Tree in Liverpool, England",-231.0,50.0,1
2,Arbutus Oak,https://en.wikipedia.org/wiki/Arbutus_Oak,"Historic tree in the middle of a highway interchange in Maryland, US",24.0,35.0,1
3,Angel Oak,https://en.wikipedia.org/wiki/Angel_Oak,Southern live oak,-186.0,-85.0,1
4,Arsenal Oak,https://en.wikipedia.org/wiki/Arsenal_Oak,"Public university in Augusta, Georgia, US",69.0,-115.0,1
5,Arlington Oak,https://en.wikipedia.org/wiki/Arlington_Oak,,-186.0,50.0,1
6,Bale Oak,https://en.wikipedia.org/wiki/Bale_Oak,"Large oak tree in northern Norfolk, England",24.0,80.0,1
7,Bartek (tree),https://en.wikipedia.org/wiki/Bartek_(tree),One of the oldest oak trees in Poland,114.0,95.0,1
8,Bazynski Oak,https://en.wikipedia.org/wiki/Ba%C5%BCy%C5%84ski_Oak,,-201.0,-130.0,1
9,Basking Ridge white oak,https://en.wikipedia.org/wiki/Basking_Ridge_white_oak,"White oak in Basking Ridge, New Jersey",9.0,-10.0,1
10,Beaman Oak,https://en.wikipedia.org/wiki/Beaman_Oak,,174.0,-10.0,1
11,Big Belly Oak,https://en.wikipedia.org/wiki/Big_Belly_Oak,"Ancient oak tree in the Savernake Forest in Wiltshire, England",-126.0,-40.0,1
12,The Big Tree,https://en.wikipedia.org/wiki/The_Big_Tree,,-186.0,95.0,1
13,The Big Oak,https://en.wikipedia.org/wiki/The_Big_Oak,"Tree in Thomasville, GA, USA",-21.0,-55.0,1
14,Birnam Oak,https://en.wikipedia.org/wiki/Birnam_Oak,"Famous tree in Perth and Kinross, Scotland",219.0,110.0,1
15,"The Big Tree, Rockport","https://en.wikipedia.org/wiki/The_Big_Tree,_Rockport",Live oak tree in Texas,-21.0,20.0,1
16,Bowthorpe Oak,https://en.wikipedia.org/wiki/Bowthorpe_Oak,,-66.0,-70.0,1
17,Bland Oak,https://en.wikipedia.org/wiki/Bland_Oak,"Historic Southern live oak in Carramar, New South Wales, Australia",-216.0,-10.0,1
18,Boyington Oak,https://en.wikipedia.org/wiki/Boyington_Oak,"Historic oak tree in Mobile, Alabama",159.0,95.0,1
19,Bridal Oak,https://en.wikipedia.org/wiki/Bridal_Oak,Largest tree in Norway,-141.0,-85.0,1
20,Bridegroom's Oak,https://en.wikipedia.org/wiki/Bridegroom%27s_Oak,,-126.0,-130.0,1
21,Brimmon Oak,https://en.wikipedia.org/wiki/Brimmon_Oak,,-201.0,35.0,1
22,Bruce Tree,https://en.wikipedia.org/wiki/Bruce_Tree,"Historical oak tree in Dunbartonshire, Scotland",99.0,110.0,1
23,Bukoshi Oak,https://en.wikipedia.org/wiki/Bukoshi_Oak,Natural monument in Kosovo,9.0,125.0,1
24,Buttington Oak,https://en.wikipedia.org/wiki/Buttington_Oak,"Tree in Buttington, Wales",-81.0,5.0,1
25,Calvos Oak,https://en.wikipedia.org/wiki/Calvos_Oak,"Tree in Póvoa de Lanhoso, Portugal",54.0,110.0,1
26,Candler Oak Tree,https://en.wikipedia.org/wiki/Candler_Oak_Tree,,-51.0,-85.0,1
27,Capon Tree,https://en.wikipedia.org/wiki/Capon_Tree,"Old tree near Jedburgh, Scotland",219.0,125.0,1
28,Caton Oak,https://en.wikipedia.org/wiki/Caton_Oak,Tree in England,-186.0,20.0,1
29,Chained Oak,https://en.wikipedia.org/wiki/Chained_Oak,"Tree in Staffordshire, England",219.0,-40.0,1
30,Chêne chapelle,https://en.wikipedia.org/wiki/Ch%C3%AAne_chapelle,,-156.0,35.0,1
31,Charter Oak,https://en.wikipedia.org/wiki/Charter_Oak,"Large oak tree in Hartford, Connecticut",114.0,80.0,1
32,Chrobry Oak,https://en.wikipedia.org/wiki/Chrobry_Oak,,-111.0,-130.0,1
33,Clement Oak,https://en.wikipedia.org/wiki/Clement_Oak,"White oak tree in Deptford Township, New Jersey, U.S.",-171.0,-25.0,1
34,Cowthorpe Oak,https://en.wikipedia.org/wiki/Cowthorpe_Oak,Tree in England,-126.0,-115.0,1
35,"Council Oak Tree (Hollywood, Florida)","https://en.wikipedia.org/wiki/Council_Oak_Tree_(Hollywood,_Florida)",United States historic place,144.0,-130.0,1
36,Creek Council Oak Tree,https://en.wikipedia.org/wiki/Creek_Council_Oak_Tree,,174.0,140.0,1
37,Darley Oak,https://en.wikipedia.org/wiki/Darley_Oak,"Ancient tree in Cornwall, England",219.0,35.0,1
38,The Devil's Tree,https://en.wikipedia.org/wiki/The_Devil%27s_Tree,,129.0,-85.0,1
39,Dewajtis (tree),https://en.wikipedia.org/wiki/Dewajtis_(tree),"Tree in Wola Osowinska, Poland",84.0,35.0,1
40,Dømmesmo Oak,https://en.wikipedia.org/wiki/D%C3%B8mmesmo_Oak,,99.0,-130.0,1
41,Donar's Oak,https://en.wikipedia.org/wiki/Donar%27s_Oak,,-66.0,95.0,1
42,Door Tree,https://en.wikipedia.org/wiki/Door_Tree,"Tree in Hamden, Connecticut",204.0,35.0,1
43,Druid oak,https://en.wikipedia.org/wiki/Druid_oak,,-156.0,-40.0,1
44,Ekeby oak tree,https://en.wikipedia.org/wiki/Ekeby_oak_tree,,204.0,125.0,1
45,Duffie Oak,https://en.wikipedia.org/wiki/Duffie_Oak,Historic Southern live oak tree,159.0,-10.0,1
46,Emancipation Oak,https://en.wikipedia.org/wiki/Emancipation_Oak,,-51.0,-10.0,1
47,Elfin Oak,https://en.wikipedia.org/wiki/Elfin_Oak,"Public artwork in Kensington Gardens, London",-141.0,-70.0,1
48,Encino Oak Tree,https://en.wikipedia.org/wiki/Encino_Oak_Tree,,-21.0,-25.0,1
49,Fabrykant Oak,https://en.wikipedia.org/wiki/Fabrykant_Oak,"Oak tree in Lódz, Poland",129.0,50.0,1
50,Femeiche,https://en.wikipedia.org/wiki/Femeiche,Oak tree in North Rhine-Westphalia,219.0,95.0,1
51,Friendship Oak,https://en.wikipedia.org/wiki/Friendship_Oak,"Large oak tree in Long Beach, Mississippi",-201.0,140.0,1
52,The Oak at Flagey,https://en.wikipedia.org/wiki/The_Oak_at_Flagey,1864 painting by Gustave Courbet,-96.0,-10.0,1
53,Gernikako Arbola,https://en.wikipedia.org/wiki/Gernikako_Arbola,,-21.0,-130.0,1
54,Fulham Palace Oak,https://en.wikipedia.org/wiki/Fulham_Palace_Oak,List of trees in London,-36.0,5.0,1
55,Gilwell Oak,https://en.wikipedia.org/wiki/Gilwell_Oak,"Oak tree in Gilwell Park, Essex, England",-111.0,-85.0,1
56,Goethe Oak,https://en.wikipedia.org/wiki/Goethe_Oak,,99.0,-100.0,1
57,Granit oak,https://en.wikipedia.org/wiki/Granit_oak,"Ancient tree in Granit, Bulgaria",159.0,20.0,1
58,"Gospel Oak, Polstead","https://en.wikipedia.org/wiki/Gospel_Oak,_Polstead",Veteran tree in England,-51.0,35.0,1
59,Henry Clay Oak,https://en.wikipedia.org/wiki/Henry_Clay_Oak,Former oak tree in North Carolina,39.0,-10.0,1
60,Grave Oak,https://en.wikipedia.org/wiki/Grave_Oak,"Old oak tree containing a gravesite in Thuringia, Germany",9.0,80.0,1
61,Hunrodeiche,https://en.wikipedia.org/wiki/Hunrodeiche,"Oak tree in Saxony-Anhalt, Germany",-156.0,95.0,1
62,Hooker Oak,https://en.wikipedia.org/wiki/Hooker_Oak,"Historical valley oak in California, US",144.0,50.0,1
63,Jagiello Oak,https://en.wikipedia.org/wiki/Jagie%C5%82%C5%82o_Oak,,-96.0,-130.0,1
64,Jurupa Oak,https://en.wikipedia.org/wiki/Jurupa_Oak,"Exceptionally old clonal oak colony in Riverside, California",204.0,-25.0,1
65,Kett's Oak,https://en.wikipedia.org/wiki/Kett%27s_Oak,,-51.0,-100.0,1
66,Kaive Oak,https://en.wikipedia.org/wiki/Kaive_Oak,Remarkable oak in Latvia,-141.0,35.0,1
67,Kile Oak Tree,https://en.wikipedia.org/wiki/Kile_Oak_Tree,Oak tree,-81.0,65.0,1
68,King Ludwig Oak,https://en.wikipedia.org/wiki/King_Ludwig_Oak,,-66.0,140.0,1
69,King Oak,https://en.wikipedia.org/wiki/King_Oak,,174.0,110.0,1
70,Knightwood Oak,https://en.wikipedia.org/wiki/Knightwood_Oak,,-21.0,140.0,1
71,Kongeegen,https://en.wikipedia.org/wiki/Kongeegen,,219.0,-130.0,1
72,Lanier's Oak,https://en.wikipedia.org/wiki/Lanier%27s_Oak,,-126.0,140.0,1
73,Liberty Tree (Charleston),https://en.wikipedia.org/wiki/Liberty_Tree_(Charleston),,-36.0,-70.0,1
74,Lincoln Oak,https://en.wikipedia.org/wiki/Lincoln_Oak,,-126.0,95.0,1
75,Lover's Oak,https://en.wikipedia.org/wiki/Lover%27s_Oak,,-216.0,65.0,1
76,Linden Oak,https://en.wikipedia.org/wiki/Linden_Oak,,-156.0,140.0,1
77,Major Oak,https://en.wikipedia.org/wiki/Major_Oak,"Tree in Sherwood Forest, Nottinghamshire",204.0,-40.0,1
78,Maksym Zalizniak oak tree,https://en.wikipedia.org/wiki/Maksym_Zalizniak_oak_tree,,-186.0,125.0,1
79,Marton Oak,https://en.wikipedia.org/wiki/Marton_Oak,"Ancient tree in Cheshire, UK",144.0,-100.0,1
80,Mercer Oak,https://en.wikipedia.org/wiki/Mercer_Oak,,174.0,125.0,1
81,Merlin's Oak,https://en.wikipedia.org/wiki/Merlin%27s_Oak,,99.0,-115.0,1
82,Midland Oak,https://en.wikipedia.org/wiki/Midland_Oak,Oak tree in Warwickshire,-36.0,-40.0,1
83,Mieszko Oak,https://en.wikipedia.org/wiki/Mieszko_Oak,Tree in Poland,39.0,-85.0,1
84,Mingo Oak,https://en.wikipedia.org/wiki/Mingo_Oak,"White oak (Quercus alba) in West Virginia, U.S.",144.0,65.0,1
85,Mollestad Oak,https://en.wikipedia.org/wiki/Mollestad_Oak,,-111.0,-40.0,1
86,Napoleon Oak,https://en.wikipedia.org/wiki/Napoleon_Oak,,-156.0,-85.0,1
87,Napoleon Oak (Lausanne),https://en.wikipedia.org/wiki/Napoleon_Oak_(Lausanne),,-126.0,80.0,1
88,Niel Gow's Oak,https://en.wikipedia.org/wiki/Niel_Gow%27s_Oak,,54.0,50.0,1
89,Newland Oak,https://en.wikipedia.org/wiki/Newland_Oak,Former British oak,-231.0,95.0,1
90,Oak at the Gate of the Dead,https://en.wikipedia.org/wiki/Oak_at_the_Gate_of_the_Dead,Ancient oak tree in Wales,-186.0,-100.0,1
91,Oak of Mamre,https://en.wikipedia.org/wiki/Oak_of_Mamre,Venerated site in the West Bank,-111.0,80.0,1
92,"Oak of Shashkevych, Shmankivtsi","https://en.wikipedia.org/wiki/Oak_of_Shashkevych,_Shmankivtsi",,219.0,-55.0,1
93,Oaks of Avalon,https://en.wikipedia.org/wiki/Oaks_of_Avalon,Pair of ancient oak trees,-171.0,140.0,1
94,Oldrich Oak,https://en.wikipedia.org/wiki/Old%C5%99ich_Oak,,159.0,5.0,1
95,Onzelievehereboom,https://en.wikipedia.org/wiki/Onzelievehereboom,,-141.0,50.0,1
96,Osterley Cork Oak,https://en.wikipedia.org/wiki/Osterley_Cork_Oak,List of trees in London,99.0,35.0,1
97,Parliament Oak,https://en.wikipedia.org/wiki/Parliament_Oak,Tree in England,114.0,65.0,1
98,Pontfadog Oak,https://en.wikipedia.org/wiki/Pontfadog_Oak,"Former sessile oak in Wrexham, Wales",-21.0,-85.0,1
99,Pow-Wow Oak Tree,https://en.wikipedia.org/wiki/Pow-Wow_Oak_Tree,Historic tree in Massachusetts,9.0,-85.0,1
100,Pugachev's Oak,https://en.wikipedia.org/wiki/Pugachev%27s_Oak,,-126.0,20.0,1
101,Pwllpriddog Oak,https://en.wikipedia.org/wiki/Pwllpriddog_Oak,"Historic tree in Carmarthenshire, Wales",-6.0,140.0,1
102,Queen Elizabeth Oak,https://en.wikipedia.org/wiki/Queen_Elizabeth_Oak,"Tree in Cowdray Park, West Sussex, England",24.0,-55.0,1
103,"Queen Elizabeth's Oak, Greenwich Park","https://en.wikipedia.org/wiki/Queen_Elizabeth%27s_Oak,_Greenwich_Park",,-66.0,-55.0,1
104,"Queen Elizabeth's Oak, Hatfield House","https://en.wikipedia.org/wiki/Queen_Elizabeth%27s_Oak,_Hatfield_House",,-216.0,-55.0,1
105,Queen's Oak,https://en.wikipedia.org/wiki/Queen%27s_Oak,,54.0,-25.0,1
106,Rákoczi Oak,https://en.wikipedia.org/wiki/R%C3%A1koczi_Oak,,24.0,65.0,1
107,Robin Hood Oak,https://en.wikipedia.org/wiki/Robin_Hood_Oak,"Doctoral research institution in Syracuse, New York, US",-186.0,110.0,1
108,Robin Hood's Larder,https://en.wikipedia.org/wiki/Robin_Hood%27s_Larder,,-201.0,-85.0,1
109,Royal Oak,https://en.wikipedia.org/wiki/Royal_Oak,Tree in which King Charles II hid in 1651,-51.0,110.0,1
110,Royal Oak (Thuringia),https://en.wikipedia.org/wiki/Royal_Oak_(Thuringia),"Natural monument in Thuringia, Germany",-21.0,50.0,1
111,Rumskulla oak,https://en.wikipedia.org/wiki/Rumskulla_oak,"Oak tree in Kalmar County, Sweden",204.0,20.0,1
112,Sacred Oak,https://en.wikipedia.org/wiki/Sacred_Oak,,24.0,140.0,1
113,Seven Sisters Oak,https://en.wikipedia.org/wiki/Seven_Sisters_Oak,"Southern live oak in Mandeville, Louisiana",-36.0,110.0,1
114,Shawshank tree,https://en.wikipedia.org/wiki/Shawshank_tree,"Former white oak near Lucas, Ohio, US",-186.0,5.0,1
115,Shelton Oak,https://en.wikipedia.org/wiki/Shelton_Oak,Tree in England,-6.0,20.0,1
116,Shire Oak (Headingley),https://en.wikipedia.org/wiki/Shire_Oak_(Headingley),,-111.0,35.0,1
117,Six Oaks of Likoshan,https://en.wikipedia.org/wiki/Six_Oaks_of_Likoshan,Grove of trees in Kosovo,-171.0,-115.0,1
118,Snoegen,https://en.wikipedia.org/wiki/Snoegen,,189.0,-70.0,1
119,Skipinnish Oak,https://en.wikipedia.org/wiki/Skipinnish_Oak,"Oak tree in Achnacarry, Lochaber, Scotland",-186.0,-25.0,1
120,Sobieski Oak,https://en.wikipedia.org/wiki/Sobieski_Oak,Tree in Poland,24.0,-10.0,1
121,Sobreiro Monumental,https://en.wikipedia.org/wiki/Sobreiro_Monumental,,-216.0,-70.0,1
122,Stelmuze Oak,https://en.wikipedia.org/wiki/Stelmu%C5%BE%C4%97_Oak,,69.0,-70.0,1
123,Storkeegen,https://en.wikipedia.org/wiki/Storkeegen,,99.0,-85.0,1
124,The Suffrage Oak,https://en.wikipedia.org/wiki/The_Suffrage_Oak,"Oak tree in Glasgow, Scotland",-51.0,-115.0,1
125,Tamme-Lauri oak,https://en.wikipedia.org/wiki/Tamme-Lauri_oak,Thickest and oldest oak in Estonia,-81.0,35.0,1
126,Three Brother Tree,https://en.wikipedia.org/wiki/Three_Brother_Tree,,159.0,-130.0,1
127,Three Mile Oak,https://en.wikipedia.org/wiki/Three_Mile_Oak,Historic site,-231.0,-40.0,1
128,Tordenskiold Oak,https://en.wikipedia.org/wiki/Tordenskiold_Oak,,-141.0,-10.0,1
129,Travilah Oak,https://en.wikipedia.org/wiki/Travilah_Oak,"Large white oak located in Travilah, Maryland, United States",129.0,-130.0,1
130,"Treaty Oak (Austin, Texas)","https://en.wikipedia.org/wiki/Treaty_Oak_(Austin,_Texas)","Historic tree in Austin, Texas",-6.0,-85.0,1
131,Treaty Oak (Jacksonville),https://en.wikipedia.org/wiki/Treaty_Oak_(Jacksonville),"Tree in Jacksonville, Florida, US",-51.0,95.0,1
132,"Treaty Oak (Washington, D.C.)","https://en.wikipedia.org/wiki/Treaty_Oak_(Washington,_D.C.)","350-400 year old oak tree in Washington, D.C",129.0,65.0,1
133,Tree of Life (Louisiana),https://en.wikipedia.org/wiki/Tree_of_Life_(Louisiana),Tree in Louisiana,-171.0,-55.0,1
134,Tree That Owns Itself,https://en.wikipedia.org/wiki/Tree_That_Owns_Itself,"Tree in Georgia, USA",-6.0,5.0,1
135,Vizcaíno-Serra Oak,https://en.wikipedia.org/wiki/Vizca%C3%ADno-Serra_Oak,,219.0,-25.0,1
136,Tree That Owns Itself (Alabama),https://en.wikipedia.org/wiki/Tree_That_Owns_Itself_(Alabama),,-156.0,-130.0,1
137,Wallace Oak (Elderslie),https://en.wikipedia.org/wiki/Wallace_Oak_(Elderslie),Historic oak tree,84.0,5.0,1
138,Wallace Oak (Port Glasgow),https://en.wikipedia.org/wiki/Wallace_Oak_(Port_Glasgow),,24.0,-115.0,1
139,Wallace Oak (Torwood),https://en.wikipedia.org/wiki/Wallace_Oak_(Torwood),,219.0,-10.0,1
140,Washington Oak,https://en.wikipedia.org/wiki/Washington_Oak,Protected ancient tree in the United States,-81.0,-100.0,1
141,"Winameg, Ohio","https://en.wikipedia.org/wiki/Winameg,_Ohio",,-201.0,50.0,1
142,Wye Oak,https://en.wikipedia.org/wiki/Wye_Oak,Largest known white oak in the United States,189.0,65.0,1
143,Wyndham's Oak,https://en.wikipedia.org/wiki/Wyndham%27s_Oak,,9.0,35.0,1
144,,https://en.wikipedia.org,,,,1
0,,,,-140.0,23.0,0
1,,,,-172.0,159.0,0
2,,,,16.0,79.0,0
3,,,,72.0,-61.0,0
4,,,,-184.0,39.0,0
5,,,,-148.0,131.0,0
6,,,,-112.0,-61.0,0
7,,,,144.0,-145.0,0
8,,,,-36.0,-69.0,0
9,,,,-136.0,47.0,0
10,,,,72.0,-129.0,0
11,,,,-88.0,71.0,0
12,,,,-192.0,167.0,0
13,,,,84.0,-81.0,0
14,,,,32.0,103.0,0
15,,,,124.0,-117.0,0
16,,,,72.0,-177.0,0
17,,,,-140.0,183.0,0
18,,,,-28.0,35.0,0
19,,,,-120.0,23.0,0
20,,,,-64.0,55.0,0
21,,,,-56.0,-57.0,0
22,,,,4.0,-189.0,0
23,,,,-172.0,-89.0,0
24,,,,40.0,-17.0,0
25,,,,84.0,-113.0,0
26,,,,40.0,159.0,0
27,,,,-112.0,143.0,0
28,,,,-16.0,-85.0,0
29,,,,-84.0,203.0,0
30,,,,-56.0,-109.0,0
31,,,,68.0,-181.0,0
32,,,,-164.0,-69.0,0
33,,,,-68.0,187.0,0
34,,,,-116.0,163.0,0
35,,,,-140.0,51.0,0
36,,,,4.0,99.0,0
37,,,,120.0,-57.0,0
38,,,,-32.0,199.0,0
39,,,,-32.0,83.0,0
40,,,,24.0,51.0,0
41,,,,-8.0,-185.0,0
42,,,,44.0,-89.0,0
43,,,,116.0,-21.0,0
44,,,,140.0,-145.0,0
45,,,,-184.0,187.0,0
46,,,,-112.0,139.0,0
47,,,,4.0,-109.0,0
48,,,,152.0,-181.0,0
49,,,,-172.0,-65.0,0
50,,,,-60.0,-81.0,0
51,,,,-112.0,123.0,0
52,,,,-8.0,-181.0,0
53,,,,-72.0,191.0,0
54,,,,104.0,-169.0,0
55,,,,24.0,-25.0,0
56,,,,28.0,131.0,0
57,,,,56.0,-65.0,0
58,,,,48.0,-81.0,0
59,,,,-152.0,199.0,0
60,,,,-128.0,75.0,0
61,,,,76.0,-69.0,0
62,,,,160.0,-185.0,0
63,,,,128.0,-105.0,0
64,,,,-8.0,127.0,0
65,,,,-208.0,195.0,0
66,,,,16.0,147.0,0
67,,,,96.0,-49.0,0
68,,,,44.0,-13.0,0
69,,,,16.0,47.0,0
70,,,,-16.0,-5.0,0
71,,,,-184.0,59.0,0
72,,,,-40.0,67.0,0
73,,,,-136.0,-45.0,0
74,,,,0.0,-93.0,0
75,,,,16.0,-125.0,0
76,,,,40.0,-69.0,0
77,,,,-20.0,-145.0,0
78,,,,-32.0,-193.0,0
79,,,,-36.0,47.0,0
80,,,,-204.0,79.0,0
81,,,,36.0,119.0,0
82,,,,-60.0,163.0,0
83,,,,-36.0,-77.0,0
84,,,,-8.0,-21.0,0
85,,,,-32.0,171.0,0
86,,,,4.0,-25.0,0
87,,,,-200.0,23.0,0
88,,,,-4.0,-73.0,0
89,,,,0.0,-133.0,0
90,,,,-72.0,-9.0,0
91,,,,108.0,-149.0,0
92,,,,40.0,147.0,0
93,,,,4.0,-41.0,0
94,,,,-56.0,-77.0,0
95,,,,-24.0,99.0,0
96,,,,88.0,19.0,0
97,,,,112.0,7.0,0
98,,,,-168.0,155.0,0
99,,,,12.0,163.0,0
100,,,,-24.0,-121.0,0
101,,,,120.0,-97.0,0
102,,,,-56.0,19.0,0
103,,,,32.0,35.0,0
104,,,,-140.0,-37.0,0
105,,,,-64.0,215.0,0
106,,,,-212.0,51.0,0
107,,,,108.0,-165.0,0
108,,,,-24.0,-97.0,0
109,,,,-76.0,71.0,0
110,,,,-16.0,107.0,0
111,,,,-112.0,167.0,0
112,,,,64.0,-125.0,0
113,,,,-32.0,-145.0,0
114,,,,-124.0,51.0,0
115,,,,-84.0,131.0,0
116,,,,68.0,-189.0,0
117,,,,116.0,-13.0,0
118,,,,-172.0,-57.0,0
119,,,,44.0,-105.0,0
120,,,,-40.0,79.0,0
121,,,,-116.0,-57.0,0
122,,,,-136.0,99.0,0
123,,,,-112.0,-41.0,0
124,,,,20.0,23.0,0
125,,,,-56.0,-185.0,0
126,,,,-184.0,27.0,0
127,,,,-72.0,79.0,0
128,,,,4.0,-121.0,0
129,,,,-64.0,143.0,0
130,,,,-16.0,-149.0,0
131,,,,-12.0,107.0,0
132,,,,148.0,-165.0,0
133,,,,148.0,-97.0,0
134,,,,-180.0,83.0,0
135,,,,28.0,75.0,0
136,,,,-192.0,199.0,0
137,,,,-24.0,123.0,0
138,,,,100.0,-157.0,0
139,,,,-56.0,-101.0,0
140,,,,4.0,91.0,0
141,,,,36.0,-109.0,0
142,,,,72.0,15.0,0
143,,,,-68.0,-97.0,0
144,,,,56.0,-61.0,0
145,,,,108.0,-133.0,0
146,,,,-28.0,-177.0,0
147,,,,60.0,-21.0,0
148,,,,-36.0,87.0,0
149,,,,0.0,-45.0,0
150,,,,-172.0,-53.0,0
151,,,,-28.0,51.0,0
152,,,,0.0,-121.0,0
153,,,,-136.0,-1.0,0
154,,,,-160.0,123.0,0
155,,,,-8.0,-61.0,0
156,,,,-80.0,207.0,0
157,,,,-68.0,-5.0,0
158,,,,-72.0,-21.0,0
159,,,,-128.0,-1.0,0
160,,,,8.0,75.0,0
161,,,,-88.0,151.0,0
162,,,,-152.0,-97.0,0
163,,,,-172.0,127.0,0
164,,,,-60.0,67.0,0
165,,,,-68.0,27.0,0
166,,,,-100.0,43.0,0
167,,,,-124.0,123.0,0
168,,,,-204.0,183.0,0
169,,,,-168.0,91.0,0
170,,,,-84.0,7.0,0
171,,,,-48.0,199.0,0
172,,,,112.0,-89.0,0
173,,,,-84.0,-105.0,0
174,,,,4.0,163.0,0
175,,,,-196.0,15.0,0
176,,,,-68.0,159.0,0
177,,,,-136.0,183.0,0
178,,,,80.0,43.0,0
179,,,,24.0,147.0,0
180,,,,-92.0,159.0,0
181,,,,-80.0,19.0,0
182,,,,92.0,51.0,0
183,,,,-24.0,-145.0,0
184,,,,100.0,35.0,0
185,,,,32.0,31.0,0
186,,,,-32.0,-177.0,0
187,,,,-80.0,163.0,0
188,,,,-44.0,51.0,0
189,,,,60.0,-157.0,0
190,,,,-140.0,27.0,0
191,,,,164.0,-177.0,0
192,,,,8.0,91.0,0
193,,,,-212.0,23.0,0
194,,,,20.0,-33.0,0
195,,,,100.0,-173.0,0
196,,,,100.0,-5.0,0
197,,,,-88.0,195.0,0
198,,,,64.0,-117.0,0
199,,,,-124.0,-37.0,0
200,,,,108.0,55.0,0
201,,,,-124.0,83.0,0
202,,,,16.0,-25.0,0
203,,,,136.0,-153.0,0
204,,,,84.0,-65.0,0
205,,,,-128.0,-41.0,0
206,,,,100.0,-169.0,0
207,,,,28.0,27.0,0
208,,,,180.0,-173.0,0
209,,,,104.0,11.0,0
210,,,,168.0,-169.0,0
211,,,,-56.0,-169.0,0
212,,,,32.0,143.0,0
213,,,,0.0,-189.0,0
214,,,,56.0,-157.0,0
215,,,,68.0,-69.0,0
216,,,,-164.0,163.0,0
217,,,,168.0,-173.0,0
218,,,,-72.0,-153.0,0
219,,,,-68.0,-81.0,0
220,,,,8.0,-109.0,0
221,,,,24.0,-73.0,0
222,,,,4.0,-137.0,0
223,,,,24.0,-121.0,0
224,,,,40.0,135.0,0
225,,,,84.0,55.0,0
226,,,,152.0,-133.0,0
227,,,,-148.0,159.0,0
228,,,,-80.0,-101.0,0
229,,,,-68.0,83.0,0
230,,,,-160.0,215.0,0
231,,,,28.0,163.0,0
232,,,,-196.0,151.0,0
233,,,,-68.0,-189.0,0
234,,,,44.0,-69.0,0
235,,,,-8.0,-65.0,0
236,,,,84.0,43.0,0
237,,,,-172.0,187.0,0
238,,,,-108.0,7.0,0
239,,,,-48.0,-101.0,0
240,,,,-68.0,123.0,0
241,,,,188.0,-189.0,0
242,,,,32.0,-81.0,0
243,,,,-124.0,187.0,0
244,,,,0.0,27.0,0
245,,,,140.0,-73.0,0
246,,,,-104.0,-89.0,0
247,,,,-136.0,-33.0,0
248,,,,-32.0,79.0,0
249,,,,80.0,-129.0,0
250,,,,-88.0,-29.0,0
251,,,,-200.0,191.0,0
252,,,,-160.0,55.0,0
253,,,,-140.0,11.0,0
254,,,,-4.0,-61.0,0
255,,,,-124.0,39.0,0
256,,,,-104.0,171.0,0
257,,,,-164.0,195.0,0
258,,,,92.0,-125.0,0
259,,,,-108.0,-73.0,0
260,,,,36.0,27.0,0
261,,,,48.0,119.0,0
262,,,,-32.0,103.0,0
263,,,,-32.0,-5.0,0
264,,,,44.0,-197.0,0
265,,,,-108.0,107.0,0
266,,,,104.0,7.0,0
267,,,,84.0,-189.0,0
268,,,,-56.0,203.0,0
269,,,,92.0,27.0,0
270,,,,108.0,-181.0,0
271,,,,-40.0,123.0,0
272,,,,112.0,-117.0,0
273,,,,56.0,-93.0,0
274,,,,-184.0,7.0,0
275,,,,-56.0,-197.0,0
276,,,,-164.0,135.0,0
277,,,,-24.0,3.0,0
278,,,,-104.0,-81.0,0
279,,,,-24.0,-61.0,0
280,,,,-84.0,-93.0,0
281,,,,-60.0,-77.0,0
282,,,,-32.0,195.0,0
283,,,,24.0,-133.0,0
284,,,,16.0,-173.0,0
285,,,,-36.0,31.0,0
286,,,,76.0,-161.0,0
287,,,,-160.0,-73.0,0
288,,,,52.0,-153.0,0
289,,,,16.0,167.0,0
290,,,,52.0,-133.0,0
291,,,,-8.0,83.0,0
292,,,,-24.0,-185.0,0
293,,,,-112.0,-17.0,0
294,,,,120.0,-145.0,0
295,,,,-36.0,-85.0,0
296,,,,-72.0,207.0,0
297,,,,20.0,-105.0,0
298,,,,-48.0,-153.0,0
299,,,,72.0,-65.0,0
300,,,,96.0,75.0,0
301,,,,-172.0,143.0,0
302,,,,-120.0,-93.0,0
303,,,,80.0,-185.0,0
304,,,,-152.0,-93.0,0
305,,,,-60.0,175.0,0
306,,,,-28.0,39.0,0
307,,,,-84.0,151.0,0
308,,,,-64.0,203.0,0
309,,,,-92.0,-89.0,0
310,,,,-140.0,-81.0,0
311,,,,-180.0,-81.0,0
312,,,,24.0,-93.0,0
313,,,,-196.0,43.0,0
314,,,,-116.0,55.0,0
315,,,,-120.0,7.0,0
316,,,,-128.0,143.0,0
317,,,,4.0,139.0,0
318,,,,36.0,75.0,0
319,,,,-136.0,131.0,0
320,,,,4.0,55.0,0
321,,,,96.0,-101.0,0
322,,,,12.0,-141.0,0
323,,,,116.0,63.0,0
324,,,,-44.0,-109.0,0
325,,,,-36.0,-189.0,0
326,,,,20.0,-89.0,0
327,,,,96.0,-85.0,0
328,,,,-68.0,211.0,0
329,,,,-184.0,227.0,0
330,,,,-180.0,131.0,0
331,,,,-28.0,-101.0,0
332,,,,104.0,-129.0,0
333,,,,24.0,-29.0,0
334,,,,-84.0,51.0,0
335,,,,-92.0,199.0,0
336,,,,40.0,-153.0,0
337,,,,112.0,71.0,0
338,,,,-160.0,-97.0,0
339,,,,-72.0,-97.0,0
340,,,,8.0,-141.0,0
341,,,,24.0,59.0,0
342,,,,-160.0,59.0,0
343,,,,-160.0,-49.0,0
344,,,,40.0,-53.0,0
345,,,,108.0,71.0,0
346,,,,-104.0,-49.0,0
347,,,,-140.0,67.0,0
348,,,,-40.0,-25.0,0
349,,,,112.0,-181.0,0
350,,,,96.0,-89.0,0
351,,,,152.0,-165.0,0
352,,,,36.0,-181.0,0
353,,,,160.0,-129.0,0
354,,,,-104.0,-61.0,0
355,,,,-40.0,-77.0,0
356,,,,-192.0,71.0,0
357,,,,-68.0,67.0,0
358,,,,-136.0,-77.0,0
359,,,,32.0,59.0,0
360,,,,24.0,-41.0,0
361,,,,-156.0,195.0,0
362,,,,4.0,-37.0,0
363,,,,-44.0,-93.0,0
364,,,,-32.0,63.0,0
365,,,,96.0,-73.0,0
366,,,,48.0,-25.0,0
367,,,,92.0,-189.0,0
368,,,,-172.0,163.0,0
369,,,,84.0,11.0,0
370,,,,24.0,-61.0,0
371,,,,-128.0,155.0,0
372,,,,-96.0,155.0,0
373,,,,36.0,-57.0,0
374,,,,76.0,-129.0,0
375,,,,100.0,-185.0,0
376,,,,36.0,19.0,0
377,,,,-176.0,75.0,0
378,,,,-148.0,75.0,0
379,,,,132.0,-121.0,0
380,,,,-68.0,11.0,0
381,,,,132.0,-97.0,0
382,,,,-164.0,-57.0,0
383,,,,64.0,-105.0,0
384,,,,-168.0,187.0,0
385,,,,12.0,15.0,0
386,,,,-144.0,67.0,0
387,,,,-64.0,175.0,0
388,,,,4.0,11.0,0
389,,,,112.0,-17.0,0
390,,,,68.0,31.0,0
391,,,,44.0,-137.0,0
392,,,,68.0,-33.0,0
393,,,,80.0,11.0,0
394,,,,12.0,155.0,0
395,,,,16.0,-21.0,0
396,,,,88.0,-145.0,0
397,,,,-96.0,-25.0,0
398,,,,-112.0,63.0,0
399,,,,-156.0,103.0,0
400,,,,-160.0,-45.0,0
401,,,,-156.0,-45.0,0
402,,,,72.0,-149.0,0
403,,,,-172.0,-61.0,0
404,,,,92.0,-109.0,0
405,,,,-88.0,115.0,0
406,,,,-96.0,147.0,0
407,,,,104.0,-101.0,0
408,,,,-80.0,-41.0,0
409,,,,64.0,-149.0,0
410,,,,-216.0,47.0,0
411,,,,-76.0,-97.0,0
412,,,,-4.0,115.0,0
413,,,,-44.0,-169.0,0
414,,,,100.0,-133.0,0
415,,,,-64.0,95.0,0
416,,,,-80.0,119.0,0
417,,,,-156.0,107.0,0
418,,,,-28.0,79.0,0
419,,,,-40.0,-149.0,0
420,,,,32.0,-1.0,0
421,,,,36.0,159.0,0
422,,,,-80.0,143.0,0
423,,,,-28.0,-21.0,0
424,,,,96.0,-25.0,0
425,,,,20.0,7.0,0
426,,,,-164.0,59.0,0
427,,,,-160.0,191.0,0
428,,,,-144.0,-93.0,0
429,,,,-80.0,47.0,0
430,,,,-32.0,-173.0,0
431,,,,64.0,-169.0,0
432,,,,-12.0,-113.0,0
433,,,,12.0,59.0,0
434,,,,24.0,-97.0,0
435,,,,40.0,-105.0,0
436,,,,-60.0,99.0,0
437,,,,0.0,-181.0,0
438,,,,152.0,-121.0,0
439,,,,24.0,39.0,0
440,,,,-76.0,87.0,0
441,,,,-80.0,-65.0,0
442,,,,64.0,-157.0,0
443,,,,-40.0,175.0,0
444,,,,-88.0,15.0,0
445,,,,-80.0,35.0,0
446,,,,88.0,-41.0,0
447,,,,88.0,-85.0,0
448,,,,-84.0,43.0,0
449,,,,-80.0,-181.0,0
450,,,,-20.0,123.0,0
451,,,,16.0,-185.0,0
452,,,,140.0,-89.0,0
453,,,,-8.0,-189.0,0
454,,,,-160.0,-69.0,0
455,,,,-72.0,-93.0,0
456,,,,-48.0,-77.0,0
457,,,,-96.0,59.0,0
458,,,,-52.0,3.0,0
459,,,,-12.0,-141.0,0
460,,,,4.0,-113.0,0
461,,,,100.0,-25.0,0
462,,,,48.0,27.0,0
463,,,,-180.0,187.0,0
464,,,,-72.0,215.0,0
465,,,,-220.0,35.0,0
466,,,,-196.0,175.0,0
467,,,,92.0,-121.0,0
468,,,,-108.0,-85.0,0
469,,,,-28.0,187.0,0
470,,,,-92.0,31.0,0
471,,,,-48.0,-57.0,0
472,,,,-92.0,3.0,0
473,,,,-144.0,31.0,0
474,,,,-4.0,147.0,0
475,,,,148.0,-81.0,0
476,,,,-148.0,55.0,0
477,,,,-16.0,3.0,0
478,,,,40.0,79.0,0
479,,,,48.0,-69.0,0
480,,,,40.0,-185.0,0
481,,,,108.0,67.0,0
482,,,,44.0,-113.0,0
483,,,,-120.0,79.0,0
484,,,,4.0,-49.0,0
485,,,,-72.0,-13.0,0
486,,,,76.0,31.0,0
487,,,,-148.0,67.0,0
488,,,,124.0,-29.0,0
489,,,,-168.0,-65.0,0
490,,,,-88.0,-53.0,0
491,,,,-64.0,-17.0,0
492,,,,24.0,123.0,0
493,,,,-192.0,11.0,0
494,,,,-36.0,211.0,0
495,,,,32.0,-17.0,0
496,,,,64.0,-129.0,0
497,,,,-56.0,-41.0,0
498,,,,-36.0,67.0,0
499,,,,52.0,-149.0,0
500,,,,-8.0,-81.0,0
501,,,,-84.0,-81.0,0
502,,,,-56.0,131.0,0
503,,,,-224.0,43.0,0
504,,,,-4.0,-157.0,0
505,,,,4.0,-1.0,0
506,,,,124.0,-101.0,0
507,,,,-4.0,123.0,0
508,,,,96.0,-145.0,0
509,,,,152.0,-141.0,0
510,,,,-120.0,11.0,0
511,,,,36.0,-197.0,0
512,,,,76.0,35.0,0
513,,,,-132.0,151.0,0
514,,,,-92.0,131.0,0
515,,,,-16.0,-97.0,0
516,,,,136.0,-101.0,0
517,,,,-96.0,39.0,0
518,,,,20.0,-141.0,0
519,,,,8.0,163.0,0
520,,,,-152.0,71.0,0
521,,,,-168.0,143.0,0
522,,,,56.0,-1.0,0
523,,,,24.0,47.0,0
524,,,,-136.0,-65.0,0
525,,,,-72.0,87.0,0
526,,,,-152.0,11.0,0
527,,,,-68.0,59.0,0
528,,,,56.0,-25.0,0
529,,,,16.0,-89.0,0
530,,,,-168.0,131.0,0
531,,,,40.0,119.0,0
532,,,,-132.0,11.0,0
533,,,,-92.0,-69.0,0
534,,,,-156.0,231.0,0
535,,,,-168.0,195.0,0
536,,,,112.0,-125.0,0
537,,,,-144.0,75.0,0
538,,,,-92.0,-37.0,0
539,,,,104.0,43.0,0
540,,,,164.0,-185.0,0
541,,,,28.0,119.0,0
542,,,,4.0,135.0,0
543,,,,40.0,107.0,0
544,,,,-168.0,79.0,0
545,,,,-40.0,-49.0,0
546,,,,140.0,-169.0,0
547,,,,-120.0,187.0,0
548,,,,-128.0,67.0,0
549,,,,-28.0,-65.0,0
550,,,,60.0,-165.0,0
551,,,,-40.0,111.0,0
552,,,,-12.0,15.0,0
553,,,,-192.0,19.0,0
554,,,,-112.0,83.0,0
555,,,,-164.0,63.0,0
556,,,,-144.0,35.0,0
557,,,,-196.0,83.0,0
558,,,,-108.0,-17.0,0
559,,,,60.0,19.0,0
560,,,,-64.0,39.0,0
561,,,,-84.0,-109.0,0
562,,,,-184.0,219.0,0
563,,,,-200.0,187.0,0
564,,,,124.0,-173.0,0
565,,,,120.0,-33.0,0
566,,,,108.0,-113.0,0
567,,,,-60.0,59.0,0
568,,,,16.0,3.0,0
569,,,,92.0,-133.0,0
570,,,,-60.0,-57.0,0
571,,,,-88.0,-85.0,0
572,,,,-148.0,111.0,0
573,,,,60.0,-125.0,0
574,,,,-76.0,-89.0,0
575,,,,-16.0,111.0,0
576,,,,-80.0,75.0,0
577,,,,-24.0,-105.0,0
578,,,,24.0,-177.0,0
579,,,,188.0,-177.0,0
580,,,,-156.0,-57.0,0
581,,,,-32.0,-29.0,0
582,,,,-44.0,-29.0,0
583,,,,60.0,-37.0,0
584,,,,-104.0,123.0,0
585,,,,-92.0,-21.0,0
586,,,,-64.0,191.0,0
587,,,,-40.0,-97.0,0
588,,,,52.0,-89.0,0
589,,,,-128.0,19.0,0
590,,,,-144.0,191.0,0
591,,,,88.0,59.0,0
592,,,,128.0,-173.0,0
593,,,,-188.0,151.0,0
594,,,,120.0,-141.0,0
595,,,,-184.0,83.0,0
596,,,,28.0,7.0,0
597,,,,92.0,23.0,0
598,,,,-72.0,227.0,0
599,,,,20.0,47.0,0
600,,,,80.0,-173.0,0
601,,,,-40.0,63.0,0
602,,,,-148.0,191.0,0
603,,,,-8.0,135.0,0
604,,,,0.0,-73.0,0
605,,,,32.0,-9.0,0
606,,,,-164.0,227.0,0
607,,,,56.0,11.0,0
608,,,,88.0,63.0,0
609,,,,-44.0,-97.0,0
610,,,,96.0,-45.0,0
611,,,,-136.0,-81.0,0
612,,,,32.0,63.0,0
613,,,,-64.0,91.0,0
614,,,,32.0,-61.0,0
615,,,,-80.0,211.0,0
616,,,,-4.0,71.0,0
617,,,,124.0,-125.0,0
618,,,,36.0,79.0,0
619,,,,28.0,-73.0,0
620,,,,148.0,-157.0,0
621,,,,76.0,-149.0,0
622,,,,-140.0,31.0,0
623,,,,44.0,-165.0,0
624,,,,52.0,-45.0,0
625,,,,52.0,127.0,0
626,,,,-96.0,-89.0,0
627,,,,48.0,-169.0,0
628,,,,-36.0,203.0,0
629,,,,-124.0,75.0,0
630,,,,-180.0,135.0,0
631,,,,4.0,-105.0,0
632,,,,4.0,-125.0,0
633,,,,12.0,-117.0,0
634,,,,-8.0,-133.0,0
635,,,,-104.0,-77.0,0
636,,,,-128.0,207.0,0
637,,,,120.0,63.0,0
638,,,,-148.0,79.0,0
639,,,,72.0,-133.0,0
640,,,,-36.0,175.0,0
641,,,,40.0,11.0,0
642,,,,-64.0,151.0,0
643,,,,192.0,-177.0,0
644,,,,-164.0,-53.0,0
645,,,,4.0,-161.0,0
646,,,,-160.0,115.0,0
647,,,,64.0,-77.0,0
648,,,,128.0,-181.0,0
649,,,,-108.0,51.0,0
650,,,,28.0,-173.0,0
651,,,,-36.0,171.0,0
652,,,,64.0,-81.0,0
653,,,,-164.0,-65.0,0
654,,,,32.0,-101.0,0
655,,,,-140.0,139.0,0
656,,,,-92.0,107.0,0
657,,,,-176.0,59.0,0
658,,,,88.0,-97.0,0
659,,,,-4.0,-97.0,0
660,,,,-52.0,63.0,0
661,,,,-156.0,63.0,0
662,,,,-52.0,-77.0,0
663,,,,16.0,-137.0,0
664,,,,80.0,-141.0,0
665,,,,-168.0,171.0,0
666,,,,120.0,-81.0,0
667,,,,44.0,-53.0,0
668,,,,-104.0,-41.0,0
669,,,,104.0,-185.0,0
670,,,,-64.0,-49.0,0
671,,,,-164.0,175.0,0
672,,,,-156.0,-49.0,0
673,,,,40.0,151.0,0
674,,,,-56.0,191.0,0
675,,,,68.0,-121.0,0
676,,,,0.0,-165.0,0
677,,,,32.0,-33.0,0
678,,,,24.0,63.0,0
679,,,,12.0,47.0,0
680,,,,-88.0,135.0,0
681,,,,-84.0,91.0,0
682,,,,84.0,19.0,0
683,,,,-116.0,63.0,0
684,,,,-60.0,159.0,0
685,,,,-156.0,115.0,0
686,,,,52.0,143.0,0
687,,,,-64.0,43.0,0
688,,,,-24.0,-141.0,0
689,,,,-168.0,227.0,0
690,,,,-48.0,75.0,0
691,,,,-224.0,63.0,0
692,,,,4.0,27.0,0
693,,,,132.0,-181.0,0
694,,,,-180.0,39.0,0
695,,,,84.0,51.0,0
696,,,,-132.0,175.0,0
697,,,,-128.0,211.0,0
698,,,,-100.0,-25.0,0
699,,,,-160.0,71.0,0
700,,,,84.0,-157.0,0
701,,,,-76.0,-33.0,0
702,,,,-80.0,43.0,0
703,,,,-88.0,75.0,0
704,,,,72.0,-5.0,0
705,,,,-96.0,-29.0,0
706,,,,-32.0,115.0,0
707,,,,-28.0,-9.0,0
708,,,,-184.0,31.0,0
709,,,,-20.0,11.0,0
710,,,,0.0,-97.0,0
711,,,,-200.0,59.0,0
712,,,,96.0,-5.0,0
713,,,,-40.0,199.0,0
714,,,,56.0,7.0,0
715,,,,140.0,-141.0,0
716,,,,-192.0,187.0,0
717,,,,80.0,-113.0,0
718,,,,-100.0,135.0,0
719,,,,-164.0,-45.0,0
720,,,,88.0,-65.0,0
721,,,,184.0,-185.0,0
722,,,,-184.0,23.0,0
723,,,,-164.0,119.0,0
724,,,,-168.0,183.0,0
725,,,,-104.0,-33.0,0
726,,,,-76.0,179.0,0
727,,,,-60.0,171.0,0
728,,,,20.0,75.0,0
729,,,,52.0,-1.0,0
730,,,,-184.0,171.0,0
731,,,,0.0,-193.0,0
732,,,,20.0,-157.0,0
733,,,,-24.0,191.0,0
734,,,,48.0,123.0,0
735,,,,16.0,-41.0,0
736,,,,76.0,-113.0,0
737,,,,84.0,-145.0,0
738,,,,-152.0,219.0,0
739,,,,-108.0,-25.0,0
740,,,,-208.0,23.0,0
741,,,,-180.0,59.0,0
742,,,,-76.0,-161.0,0
743,,,,-136.0,-109.0,0
744,,,,-84.0,-33.0,0
745,,,,-52.0,-45.0,0
746,,,,-192.0,59.0,0
747,,,,-72.0,-53.0,0
748,,,,-24.0,-89.0,0
749,,,,28.0,55.0,0
750,,,,132.0,-49.0,0
751,,,,0.0,135.0,0
752,,,,-80.0,-73.0,0
753,,,,-152.0,167.0,0
754,,,,36.0,-61.0,0
755,,,,-72.0,179.0,0
756,,,,-52.0,139.0,0
757,,,,-36.0,-9.0,0
758,,,,-88.0,163.0,0
759,,,,-68.0,115.0,0
760,,,,-144.0,7.0,0
761,,,,-112.0,151.0,0
762,,,,24.0,71.0,0
763,,,,-184.0,159.0,0
764,,,,-28.0,-81.0,0
765,,,,-8.0,-45.0,0
766,,,,-104.0,107.0,0
767,,,,-156.0,23.0,0
768,,,,-164.0,191.0,0
769,,,,72.0,-29.0,0
770,,,,12.0,-169.0,0
771,,,,-72.0,35.0,0
772,,,,-116.0,139.0,0
773,,,,-80.0,87.0,0
774,,,,-48.0,-85.0,0
775,,,,-132.0,143.0,0
776,,,,108.0,-169.0,0
777,,,,-28.0,-33.0,0
778,,,,-24.0,175.0,0
779,,,,80.0,-77.0,0
780,,,,-124.0,-105.0,0
781,,,,-100.0,39.0,0
782,,,,52.0,-13.0,0
783,,,,-16.0,-137.0,0
784,,,,-20.0,-37.0,0
785,,,,68.0,-117.0,0
786,,,,104.0,39.0,0
787,,,,48.0,39.0,0
788,,,,100.0,-49.0,0
789,,,,36.0,131.0,0
790,,,,-128.0,7.0,0
791,,,,-172.0,139.0,0
792,,,,-84.0,187.0,0
793,,,,44.0,-93.0,0
794,,,,100.0,-41.0,0
795,,,,104.0,-137.0,0
796,,,,-156.0,71.0,0
797,,,,-168.0,11.0,0
798,,,,120.0,-25.0,0
799,,,,92.0,-21.0,0
800,,,,104.0,-61.0,0
801,,,,-176.0,219.0,0
802,,,,-208.0,31.0,0
803,,,,0.0,-85.0,0
804,,,,28.0,-177.0,0
805,,,,112.0,-13.0,0
806,,,,140.0,-121.0,0
807,,,,-68.0,139.0,0
808,,,,-116.0,107.0,0
809,,,,-132.0,-77.0,0
810,,,,-76.0,63.0,0
811,,,,116.0,-105.0,0
812,,,,-44.0,143.0,0
813,,,,40.0,111.0,0
814,,,,56.0,-53.0,0
815,,,,-8.0,-193.0,0
816,,,,200.0,-189.0,0
817,,,,-120.0,-9.0,0
818,,,,-64.0,-45.0,0
819,,,,-40.0,-185.0,0
820,,,,36.0,-53.0,0
821,,,,-16.0,-161.0,0
822,,,,-36.0,183.0,0
823,,,,-176.0,159.0,0
824,,,,-20.0,191.0,0
825,,,,40.0,91.0,0
826,,,,-168.0,-41.0,0
827,,,,-140.0,147.0,0
828,,,,-184.0,55.0,0
829,,,,-8.0,-29.0,0
830,,,,52.0,-41.0,0
831,,,,-200.0,35.0,0
832,,,,56.0,-21.0,0
833,,,,-72.0,83.0,0
834,,,,-32.0,-25.0,0
835,,,,0.0,-137.0,0
836,,,,-48.0,-177.0,0
837,,,,-60.0,7.0,0
838,,,,44.0,-101.0,0
839,,,,-20.0,-181.0,0
840,,,,-184.0,179.0,0
841,,,,160.0,-153.0,0
842,,,,-48.0,-197.0,0
843,,,,-140.0,-105.0,0
844,,,,20.0,-13.0,0
845,,,,56.0,19.0,0
846,,,,-172.0,79.0,0
847,,,,64.0,-1.0,0
848,,,,-128.0,23.0,0
849,,,,-128.0,179.0,0
850,,,,-24.0,47.0,0
851,,,,-52.0,67.0,0
852,,,,-76.0,199.0,0
853,,,,8.0,-9.0,0
854,,,,-56.0,-165.0,0
855,,,,4.0,-73.0,0
856,,,,132.0,-77.0,0
857,,,,-60.0,-101.0,0
858,,,,128.0,-65.0,0
859,,,,120.0,-5.0,0
860,,,,176.0,-153.0,0
861,,,,-120.0,-53.0,0
862,,,,-136.0,107.0,0
863,,,,-32.0,-157.0,0
864,,,,76.0,-141.0,0
865,,,,-60.0,115.0,0
866,,,,-152.0,39.0,0
867,,,,-152.0,-85.0,0
868,,,,-132.0,19.0,0
869,,,,-188.0,51.0,0
870,,,,-164.0,223.0,0
871,,,,-8.0,-25.0,0
872,,,,4.0,119.0,0
873,,,,-32.0,207.0,0
874,,,,100.0,-181.0,0
875,,,,-48.0,207.0,0
876,,,,-32.0,119.0,0
877,,,,-44.0,11.0,0
878,,,,80.0,15.0,0
879,,,,-16.0,-197.0,0
880,,,,-76.0,27.0,0
881,,,,144.0,-181.0,0
882,,,,40.0,155.0,0
883,,,,44.0,-85.0,0
884,,,,-4.0,-25.0,0
885,,,,-92.0,139.0,0
886,,,,176.0,-149.0,0
887,,,,-68.0,-89.0,0
888,,,,-52.0,43.0,0
889,,,,24.0,11.0,0
890,,,,124.0,-5.0,0
891,,,,-72.0,47.0,0
892,,,,28.0,-181.0,0
893,,,,-112.0,23.0,0
894,,,,44.0,55.0,0
895,,,,184.0,-169.0,0
896,,,,104.0,47.0,0
897,,,,-192.0,215.0,0
898,,,,-96.0,99.0,0
899,,,,-84.0,-9.0,0
900,,,,108.0,-105.0,0
901,,,,-104.0,143.0,0
902,,,,-40.0,-153.0,0
903,,,,-164.0,203.0,0
904,,,,-80.0,-81.0,0
905,,,,112.0,-161.0,0
906,,,,-120.0,-25.0,0
907,,,,40.0,-117.0,0
908,,,,-148.0,203.0,0
909,,,,72.0,-13.0,0
910,,,,24.0,-193.0,0
911,,,,124.0,-133.0,0
912,,,,-8.0,39.0,0
913,,,,28.0,123.0,0
914,,,,-52.0,167.0,0
915,,,,28.0,71.0,0
916,,,,-112.0,15.0,0
917,,,,8.0,-197.0,0
918,,,,-56.0,95.0,0
919,,,,116.0,-165.0,0
920,,,,-108.0,-105.0,0
921,,,,8.0,-13.0,0
922,,,,-44.0,35.0,0
923,,,,-92.0,111.0,0
924,,,,-16.0,-25.0,0
925,,,,-88.0,-17.0,0
926,,,,16.0,-141.0,0
927,,,,-28.0,-105.0,0
928,,,,64.0,-89.0,0
929,,,,12.0,151.0,0
930,,,,-52.0,-145.0,0
931,,,,100.0,-29.0,0
932,,,,-36.0,-5.0,0
933,,,,-44.0,199.0,0
934,,,,-168.0,-61.0,0
935,,,,36.0,63.0,0
936,,,,16.0,131.0,0
937,,,,108.0,3.0,0
938,,,,-160.0,223.0,0
939,,,,40.0,-141.0,0
940,,,,-96.0,19.0,0
941,,,,-56.0,15.0,0
942,,,,-36.0,-109.0,0
943,,,,228.0,-217.0,0
944,,,,24.0,-109.0,0
945,,,,52.0,-165.0,0
946,,,,-68.0,-153.0,0
947,,,,-116.0,79.0,0
948,,,,96.0,-65.0,0
949,,,,0.0,-25.0,0
950,,,,-128.0,95.0,0
951,,,,-144.0,211.0,0
952,,,,4.0,111.0,0
953,,,,-172.0,31.0,0
954,,,,32.0,83.0,0
955,,,,104.0,-53.0,0
956,,,,-24.0,-73.0,0
957,,,,16.0,-97.0,0
958,,,,-32.0,71.0,0
959,,,,52.0,-81.0,0
960,,,,-88.0,-101.0,0
961,,,,-188.0,159.0,0
962,,,,-8.0,-105.0,0
963,,,,-20.0,75.0,0
964,,,,156.0,-153.0,0
965,,,,-176.0,167.0,0
966,,,,-140.0,159.0,0
967,,,,-120.0,75.0,0
968,,,,44.0,-189.0,0
969,,,,-116.0,-85.0,0
970,,,,32.0,-109.0,0
971,,,,-64.0,-65.0,0
972,,,,-184.0,11.0,0
973,,,,80.0,-41.0,0
974,,,,-136.0,187.0,0
975,,,,44.0,27.0,0
976,,,,-36.0,-1.0,0
977,,,,16.0,-45.0,0
978,,,,12.0,111.0,0
979,,,,-136.0,27.0,0
980,,,,-80.0,-25.0,0
981,,,,-96.0,11.0,0
982,,,,-160.0,159.0,0
983,,,,12.0,19.0,0
984,,,,120.0,-69.0,0
985,,,,-120.0,123.0,0
986,,,,-12.0,-193.0,0
987,,,,88.0,-1.0,0
988,,,,-72.0,-29.0,0
989,,,,72.0,-17.0,0
990,,,,100.0,55.0,0
991,,,,-84.0,143.0,0
992,,,,-152.0,-41.0,0
993,,,,-96.0,107.0,0
994,,,,-76.0,-25.0,0
995,,,,36.0,-97.0,0
996,,,,-136.0,119.0,0
997,,,,-56.0,207.0,0
998,,,,48.0,-109.0,0
999,,,,88.0,-169.0,0
1000,,,,-24.0,-133.0,0
1001,,,,144.0,-169.0,0
1002,,,,88.0,-121.0,0
1003,,,,-44.0,23.0,0
1004,,,,-164.0,95.0,0
1005,,,,-28.0,47.0,0
1006,,,,156.0,-181.0,0
1007,,,,-20.0,79.0,0
1008,,,,56.0,-177.0,0
1009,,,,-140.0,-57.0,0
1010,,,,-92.0,187.0,0
1011,,,,-44.0,-193.0,0
1012,,,,-144.0,-73.0,0
1013,,,,-56.0,47.0,0
1014,,,,0.0,-49.0,0
1015,,,,-80.0,-69.0,0
1016,,,,88.0,-73.0,0
1017,,,,76.0,-97.0,0
1018,,,,-224.0,51.0,0
1019,,,,-16.0,-173.0,0
1020,,,,68.0,-9.0,0
1021,,,,-4.0,-109.0,0
1022,,,,-40.0,183.0,0
1023,,,,136.0,-41.0,0
1024,,,,-76.0,219.0,0
1025,,,,-68.0,-29.0,0
1026,,,,-52.0,55.0,0
1027,,,,140.0,-81.0,0
1028,,,,-156.0,227.0,0
1029,,,,108.0,-137.0,0
1030,,,,-88.0,-25.0,0
1031,,,,-20.0,19.0,0
1032,,,,-4.0,95.0,0
1033,,,,-80.0,155.0,0
1034,,,,-200.0,47.0,0
1035,,,,112.0,-109.0,0
1036,,,,88.0,-45.0,0
1037,,,,116.0,-53.0,0
1038,,,,28.0,63.0,0
1039,,,,-28.0,-113.0,0
1040,,,,-140.0,63.0,0
1041,,,,124.0,15.0,0
1042,,,,-124.0,59.0,0
1043,,,,0.0,-41.0,0
1044,,,,68.0,-49.0,0
1045,,,,96.0,-9.0,0
1046,,,,-140.0,203.0,0
1047,,,,24.0,87.0,0
1048,,,,-20.0,15.0,0
1049,,,,-36.0,95.0,0
1050,,,,-76.0,-65.0,0
1051,,,,156.0,-101.0,0
1052,,,,-116.0,99.0,0
1053,,,,164.0,-141.0,0
1054,,,,84.0,-141.0,0
1055,,,,-200.0,179.0,0
1056,,,,116.0,-121.0,0
1057,,,,-56.0,159.0,0
1058,,,,100.0,43.0,0
1059,,,,-72.0,103.0,0
1060,,,,-72.0,95.0,0
1061,,,,32.0,115.0,0
1062,,,,12.0,91.0,0
1063,,,,-176.0,43.0,0
1064,,,,-32.0,135.0,0
1065,,,,-128.0,-53.0,0
1066,,,,-96.0,31.0,0
1067,,,,-108.0,163.0,0
1068,,,,-88.0,-5.0,0
1069,,,,-84.0,127.0,0
1070,,,,-100.0,155.0,0
1071,,,,-12.0,-105.0,0
1072,,,,0.0,-197.0,0
1073,,,,-28.0,-137.0,0
1074,,,,164.0,-161.0,0
1075,,,,4.0,-129.0,0
1076,,,,-132.0,15.0,0
1077,,,,-16.0,-89.0,0
1078,,,,96.0,-177.0,0
1079,,,,-12.0,-185.0,0
1080,,,,-52.0,-69.0,0
1081,,,,104.0,3.0,0
1082,,,,-44.0,55.0,0
1083,,,,-164.0,111.0,0
1084,,,,-160.0,183.0,0
1085,,,,80.0,-137.0,0
1086,,,,-20.0,107.0,0
1087,,,,-176.0,-49.0,0
1088,,,,8.0,-53.0,0
1089,,,,-176.0,-81.0,0
1090,,,,-76.0,-173.0,0
1091,,,,92.0,7.0,0
1092,,,,40.0,-161.0,0
1093,,,,-116.0,135.0,0
1094,,,,-28.0,-205.0,0
1095,,,,-56.0,-49.0,0
1096,,,,8.0,-1.0,0
1097,,,,8.0,-161.0,0
1098,,,,76.0,-173.0,0
1099,,,,-32.0,-185.0,0
1100,,,,116.0,-129.0,0
1101,,,,44.0,155.0,0
1102,,,,-100.0,-49.0,0
1103,,,,-28.0,-141.0,0
1104,,,,-52.0,135.0,0
1105,,,,-164.0,-97.0,0
1106,,,,-140.0,79.0,0
1107,,,,-172.0,147.0,0
1108,,,,-44.0,71.0,0
1109,,,,-48.0,-149.0,0
1110,,,,200.0,-197.0,0
1111,,,,-4.0,-169.0,0
1112,,,,24.0,-173.0,0
1113,,,,8.0,-133.0,0
1114,,,,48.0,-189.0,0
1115,,,,20.0,91.0,0
1116,,,,-152.0,171.0,0
1117,,,,-156.0,155.0,0
1118,,,,-84.0,87.0,0
1119,,,,-24.0,-45.0,0
1120,,,,-132.0,103.0,0
1121,,,,24.0,55.0,0
1122,,,,160.0,-113.0,0
1123,,,,-172.0,43.0,0
1124,,,,28.0,171.0,0
1125,,,,-104.0,-73.0,0
1126,,,,0.0,159.0,0
1127,,,,68.0,-53.0,0
1128,,,,-64.0,51.0,0
1129,,,,-76.0,-41.0,0
1130,,,,-40.0,-161.0,0
1131,,,,-124.0,167.0,0
1132,,,,-172.0,219.0,0
1133,,,,12.0,103.0,0
1134,,,,-56.0,-1.0,0
1135,,,,-72.0,211.0,0
1136,,,,-124.0,79.0,0
1137,,,,-124.0,55.0,0
1138,,,,-96.0,163.0,0
1139,,,,-156.0,175.0,0
1140,,,,-140.0,-53.0,0
1141,,,,-100.0,163.0,0
1142,,,,-40.0,203.0,0
1143,,,,-56.0,219.0,0
1144,,,,-96.0,127.0,0
1145,,,,-96.0,55.0,0
1146,,,,-68.0,107.0,0
1147,,,,-12.0,-153.0,0
1148,,,,92.0,-81.0,0
1149,,,,-108.0,39.0,0
1150,,,,-64.0,-5.0,0
1151,,,,112.0,-173.0,0
1152,,,,124.0,-73.0,0
1153,,,,-16.0,-185.0,0
1154,,,,196.0,-185.0,0
1155,,,,-84.0,219.0,0
1156,,,,-40.0,131.0,0
1157,,,,40.0,19.0,0
1158,,,,-96.0,-101.0,0
1159,,,,72.0,-153.0,0
1160,,,,160.0,-181.0,0
1161,,,,68.0,-133.0,0
1162,,,,-80.0,31.0,0
1163,,,,0.0,-29.0,0
1164,,,,-84.0,111.0,0
1165,,,,-4.0,-137.0,0
1166,,,,-168.0,83.0,0
1167,,,,-112.0,179.0,0
1168,,,,-16.0,-205.0,0
1169,,,,-156.0,215.0,0
1170,,,,160.0,-177.0,0
1171,,,,-44.0,-57.0,0
1172,,,,20.0,119.0,0
1173,,,,-212.0,63.0,0
1174,,,,64.0,-121.0,0
1175,,,,100.0,-65.0,0
1176,,,,-8.0,-9.0,0
1177,,,,-144.0,-77.0,0
1178,,,,-108.0,-1.0,0
1179,,,,-192.0,171.0,0
1180,,,,-156.0,191.0,0
1181,,,,120.0,-49.0,0
1182,,,,104.0,-65.0,0
1183,,,,-120.0,-17.0,0
1184,,,,44.0,47.0,0
1185,,,,180.0,-157.0,0
1186,,,,0.0,-109.0,0
1187,,,,8.0,171.0,0
1188,,,,52.0,-61.0,0
1189,,,,-12.0,-197.0,0
1190,,,,-68.0,-193.0,0
1191,,,,144.0,-149.0,0
1192,,,,-56.0,63.0,0
1193,,,,80.0,59.0,0
1194,,,,116.0,43.0,0
1195,,,,-140.0,-1.0,0
1196,,,,-92.0,55.0,0
1197,,,,-20.0,-65.0,0
1198,,,,132.0,-69.0,0
1199,,,,96.0,-17.0,0
1200,,,,44.0,115.0,0
1201,,,,-120.0,-57.0,0
1202,,,,12.0,167.0,0
1203,,,,4.0,-9.0,0
1204,,,,68.0,-169.0,0
1205,,,,-12.0,-129.0,0
1206,,,,56.0,-89.0,0
1207,,,,128.0,-21.0,0
1208,,,,52.0,-189.0,0
1209,,,,-32.0,-153.0,0
1210,,,,-28.0,111.0,0
1211,,,,-92.0,11.0,0
1212,,,,164.0,-137.0,0
1213,,,,-148.0,199.0,0
1214,,,,-60.0,151.0,0
1215,,,,-64.0,-101.0,0
1216,,,,40.0,115.0,0
1217,,,,-120.0,163.0,0
1218,,,,-152.0,7.0,0
1219,,,,-80.0,91.0,0
1220,,,,-68.0,-21.0,0
1221,,,,-92.0,-25.0,0
1222,,,,52.0,-117.0,0
1223,,,,-4.0,83.0,0
1224,,,,-20.0,-137.0,0
1225,,,,124.0,27.0,0
1226,,,,-112.0,35.0,0
1227,,,,4.0,39.0,0
1228,,,,-188.0,163.0,0
1229,,,,-68.0,19.0,0
1230,,,,-12.0,67.0,0
1231,,,,-168.0,67.0,0
1232,,,,0.0,-153.0,0
1233,,,,44.0,-33.0,0
1234,,,,-16.0,115.0,0
1235,,,,52.0,7.0,0
1236,,,,-64.0,139.0,0
1237,,,,112.0,-9.0,0
1238,,,,-20.0,-97.0,0
1239,,,,0.0,115.0,0
1240,,,,156.0,-129.0,0
1241,,,,112.0,-101.0,0
1242,,,,136.0,-145.0,0
1243,,,,68.0,-57.0,0
1244,,,,220.0,-209.0,0
1245,,,,4.0,31.0,0
1246,,,,100.0,-129.0,0
1247,,,,-36.0,-29.0,0
1248,,,,-152.0,87.0,0
1249,,,,28.0,127.0,0
1250,,,,36.0,7.0,0
1251,,,,-108.0,-45.0,0
1252,,,,8.0,-21.0,0
1253,,,,-184.0,15.0,0
1254,,,,-40.0,-21.0,0
1255,,,,116.0,-5.0,0
1256,,,,-216.0,35.0,0
1257,,,,136.0,-121.0,0
1258,,,,-56.0,71.0,0
1259,,,,-20.0,-41.0,0
1260,,,,48.0,-61.0,0
1261,,,,-56.0,211.0,0
1262,,,,-52.0,159.0,0
1263,,,,-12.0,-189.0,0
1264,,,,-100.0,-73.0,0
1265,,,,-48.0,31.0,0
1266,,,,-144.0,203.0,0
1267,,,,-144.0,179.0,0
1268,,,,128.0,19.0,0
1269,,,,-36.0,-61.0,0
1270,,,,112.0,39.0,0
1271,,,,24.0,-117.0,0
1272,,,,4.0,123.0,0
1273,,,,-96.0,71.0,0
1274,,,,112.0,-57.0,0
1275,,,,-16.0,-113.0,0
1276,,,,-132.0,215.0,0
1277,,,,-220.0,43.0,0
1278,,,,-124.0,163.0,0
1279,,,,-8.0,139.0,0
1280,,,,60.0,-45.0,0
1281,,,,-120.0,103.0,0
1282,,,,60.0,15.0,0
1283,,,,-76.0,203.0,0
1284,,,,-96.0,111.0,0
1285,,,,72.0,-45.0,0
1286,,,,80.0,-81.0,0
1287,,,,40.0,-45.0,0
1288,,,,-96.0,3.0,0
1289,,,,-104.0,43.0,0
1290,,,,-100.0,47.0,0
1291,,,,-4.0,127.0,0
1292,,,,-84.0,119.0,0
1293,,,,-172.0,27.0,0
1294,,,,120.0,-21.0,0
1295,,,,104.0,-125.0,0
1296,,,,-8.0,-129.0,0
1297,,,,20.0,-197.0,0
1298,,,,-12.0,115.0,0
1299,,,,-88.0,39.0,0
1300,,,,120.0,-121.0,0
1301,,,,-88.0,51.0,0
1302,,,,48.0,-21.0,0
1303,,,,-44.0,-145.0,0
1304,,,,-204.0,59.0,0
1305,,,,-44.0,-153.0,0
1306,,,,-144.0,11.0,0
1307,,,,12.0,95.0,0
1308,,,,-100.0,91.0,0
1309,,,,-184.0,-61.0,0
1310,,,,-144.0,-41.0,0
1311,,,,32.0,47.0,0
1312,,,,76.0,-1.0,0
1313,,,,168.0,-137.0,0
1314,,,,100.0,-33.0,0
1315,,,,-116.0,-81.0,0
1316,,,,-4.0,75.0,0
1317,,,,-128.0,-85.0,0
1318,,,,-48.0,215.0,0
1319,,,,-128.0,3.0,0
1320,,,,20.0,-69.0,0
1321,,,,-208.0,39.0,0
1322,,,,-100.0,7.0,0
1323,,,,-8.0,-169.0,0
1324,,,,-68.0,-1.0,0
1325,,,,108.0,-37.0,0
1326,,,,8.0,3.0,0
1327,,,,-132.0,59.0,0
1328,,,,-92.0,143.0,0
1329,,,,64.0,-17.0,0
1330,,,,-128.0,171.0,0
1331,,,,-64.0,-57.0,0
1332,,,,68.0,-105.0,0
1333,,,,-140.0,-93.0,0
1334,,,,96.0,31.0,0
1335,,,,-180.0,195.0,0
1336,,,,-20.0,-25.0,0
1337,,,,-108.0,91.0,0
1338,,,,-68.0,99.0,0
1339,,,,-72.0,55.0,0
1340,,,,48.0,-125.0,0
1341,,,,-100.0,99.0,0
1342,,,,156.0,-149.0,0
1343,,,,-16.0,-37.0,0
1344,,,,-80.0,175.0,0
1345,,,,-124.0,183.0,0
1346,,,,-108.0,-65.0,0
1347,,,,72.0,-105.0,0
1348,,,,-72.0,199.0,0
1349,,,,64.0,-33.0,0
1350,,,,-64.0,207.0,0
1351,,,,-180.0,207.0,0
1352,,,,-4.0,-65.0,0
1353,,,,96.0,-137.0,0
1354,,,,-176.0,171.0,0
1355,,,,-12.0,-1.0,0
1356,,,,-72.0,-33.0,0
1357,,,,4.0,7.0,0
1358,,,,-24.0,-77.0,0
1359,,,,124.0,-105.0,0
1360,,,,-52.0,-93.0,0
1361,,,,20.0,95.0,0
1362,,,,48.0,151.0,0
1363,,,,-20.0,99.0,0
1364,,,,-8.0,-89.0,0
1365,,,,56.0,-113.0,0
1366,,,,32.0,119.0,0
1367,,,,-104.0,-29.0,0
1368,,,,-52.0,47.0,0
1369,,,,44.0,163.0,0
1370,,,,-100.0,131.0,0
1371,,,,-16.0,95.0,0
1372,,,,-8.0,67.0,0
1373,,,,92.0,-1.0,0
1374,,,,16.0,-169.0,0
1375,,,,-32.0,-17.0,0
1376,,,,-176.0,195.0,0
1377,,,,68.0,-37.0,0
1378,,,,-16.0,-1.0,0
1379,,,,116.0,-181.0,0
1380,,,,40.0,-65.0,0
1381,,,,-36.0,-201.0,0
1382,,,,-64.0,135.0,0
1383,,,,-128.0,91.0,0
1384,,,,24.0,159.0,0
1385,,,,-80.0,151.0,0
1386,,,,-72.0,151.0,0
1387,,,,-92.0,127.0,0
1388,,,,16.0,-157.0,0
1389,,,,16.0,-181.0,0
1390,,,,-120.0,127.0,0
1391,,,,-40.0,163.0,0
1392,,,,160.0,-165.0,0
1393,,,,-40.0,-85.0,0
1394,,,,-76.0,67.0,0
1395,,,,24.0,-181.0,0
1396,,,,-68.0,7.0,0
1397,,,,-52.0,-181.0,0
1398,,,,4.0,107.0,0
1399,,,,-48.0,111.0,0
1400,,,,120.0,-29.0,0
1401,,,,-124.0,-53.0,0
1402,,,,-140.0,7.0,0
1403,,,,-24.0,-125.0,0
1404,,,,-128.0,-105.0,0
1405,,,,84.0,-17.0,0
1406,,,,-136.0,127.0,0
1407,,,,12.0,35.0,0
1408,,,,-44.0,187.0,0
1409,,,,-48.0,-21.0,0
1410,,,,-148.0,175.0,0
1411,,,,-196.0,35.0,0
1412,,,,84.0,-129.0,0
1413,,,,-60.0,51.0,0
1414,,,,-60.0,155.0,0
1415,,,,60.0,-9.0,0
1416,,,,-28.0,171.0,0
1417,,,,88.0,-113.0,0
1418,,,,-192.0,147.0,0
1419,,,,112.0,75.0,0
1420,,,,-64.0,7.0,0
1421,,,,116.0,3.0,0
1422,,,,-20.0,23.0,0
1423,,,,-44.0,91.0,0
1424,,,,40.0,-189.0,0
1425,,,,-156.0,187.0,0
1426,,,,-156.0,83.0,0
1427,,,,40.0,3.0,0
1428,,,,20.0,-53.0,0
1429,,,,-124.0,-69.0,0
1430,,,,-32.0,131.0,0
1431,,,,-48.0,7.0,0
1432,,,,60.0,-61.0,0
1433,,,,-140.0,-49.0,0
1434,,,,-124.0,95.0,0
1435,,,,44.0,-193.0,0
1436,,,,-92.0,79.0,0
1437,,,,-72.0,107.0,0
1438,,,,16.0,-121.0,0
1439,,,,4.0,155.0,0
1440,,,,-8.0,-77.0,0
1441,,,,84.0,-41.0,0
1442,,,,20.0,-85.0,0
1443,,,,52.0,-69.0,0
1444,,,,-176.0,147.0,0
1445,,,,-144.0,111.0,0
1446,,,,136.0,-53.0,0
1447,,,,72.0,-1.0,0
1448,,,,28.0,-81.0,0
1449,,,,36.0,91.0,0
1450,,,,-124.0,63.0,0
1451,,,,156.0,-185.0,0
1452,,,,-152.0,-53.0,0
1453,,,,44.0,-145.0,0
1454,,,,112.0,-77.0,0
1455,,,,-44.0,-69.0,0
1456,,,,-116.0,-105.0,0
1457,,,,-180.0,147.0,0
1458,,,,-176.0,139.0,0
1459,,,,12.0,-129.0,0
1460,,,,-196.0,55.0,0
1461,,,,24.0,127.0,0
1462,,,,-80.0,215.0,0
1463,,,,-24.0,19.0,0
1464,,,,28.0,-185.0,0
1465,,,,-48.0,19.0,0
1466,,,,16.0,-13.0,0
1467,,,,-76.0,47.0,0
1468,,,,-96.0,87.0,0
1469,,,,-56.0,179.0,0
1470,,,,-116.0,3.0,0
1471,,,,-136.0,55.0,0
1472,,,,68.0,-177.0,0
1473,,,,8.0,107.0,0
1474,,,,156.0,-165.0,0
1475,,,,-80.0,51.0,0
1476,,,,-72.0,-5.0,0
1477,,,,-28.0,115.0,0
1478,,,,-32.0,-45.0,0
1479,,,,-160.0,-101.0,0
1480,,,,8.0,39.0,0
1481,,,,32.0,-37.0,0
1482,,,,-96.0,-1.0,0
1483,,,,140.0,-57.0,0
1484,,,,-32.0,-13.0,0
1485,,,,-60.0,215.0,0
1486,,,,-100.0,11.0,0
1487,,,,100.0,7.0,0
1488,,,,-200.0,183.0,0
1489,,,,-84.0,199.0,0
1490,,,,124.0,35.0,0
1491,,,,32.0,-45.0,0
1492,,,,44.0,-81.0,0
1493,,,,92.0,-137.0,0
1494,,,,-8.0,31.0,0
1495,,,,-100.0,-89.0,0
1496,,,,-212.0,67.0,0
1497,,,,-168.0,219.0,0
1498,,,,68.0,7.0,0
1499,,,,36.0,-17.0,0
1500,,,,-104.0,-69.0,0
1501,,,,-124.0,-33.0,0
1502,,,,-112.0,-25.0,0
1503,,,,92.0,-25.0,0
1504,,,,-144.0,-33.0,0
1505,,,,-156.0,-65.0,0
1506,,,,48.0,31.0,0
1507,,,,-52.0,-61.0,0
1508,,,,-36.0,-177.0,0
1509,,,,-64.0,-169.0,0
1510,,,,-84.0,-97.0,0
1511,,,,-12.0,-25.0,0
1512,,,,-76.0,-85.0,0
1513,,,,36.0,95.0,0
1514,,,,-104.0,11.0,0
1515,,,,4.0,-177.0,0
1516,,,,132.0,-5.0,0
1517,,,,128.0,-169.0,0
1518,,,,8.0,99.0,0
1519,,,,236.0,-209.0,0
1520,,,,-212.0,39.0,0
1521,,,,100.0,-81.0,0
1522,,,,-52.0,119.0,0
1523,,,,8.0,79.0,0
1524,,,,-56.0,-85.0,0
1525,,,,0.0,11.0,0
1526,,,,-112.0,-81.0,0
1527,,,,188.0,-169.0,0
1528,,,,96.0,-57.0,0
1529,,,,-108.0,-13.0,0
1530,,,,88.0,-9.0,0
1531,,,,32.0,7.0,0
1532,,,,-112.0,187.0,0
1533,,,,48.0,-9.0,0
1534,,,,-44.0,-73.0,0
1535,,,,-64.0,47.0,0
1536,,,,-52.0,-193.0,0
1537,,,,-132.0,207.0,0
1538,,,,-120.0,159.0,0
1539,,,,60.0,-177.0,0
1540,,,,-40.0,-73.0,0
1541,,,,-84.0,99.0,0
1542,,,,124.0,43.0,0
1543,,,,4.0,-165.0,0
1544,,,,-136.0,95.0,0
1545,,,,96.0,-169.0,0
1546,,,,12.0,3.0,0
1547,,,,-56.0,3.0,0
1548,,,,-152.0,119.0,0
1549,,,,128.0,15.0,0
1550,,,,20.0,-101.0,0
1551,,,,-200.0,203.0,0
1552,,,,-116.0,119.0,0
1553,,,,100.0,59.0,0
1554,,,,-16.0,-157.0,0
1555,,,,136.0,-185.0,0
1556,,,,-48.0,-69.0,0
1557,,,,-132.0,-65.0,0
1558,,,,32.0,-121.0,0
1559,,,,-168.0,215.0,0
1560,,,,72.0,-113.0,0
1561,,,,76.0,3.0,0
1562,,,,48.0,-77.0,0
1563,,,,-124.0,-85.0,0
1564,,,,-164.0,-85.0,0
1565,,,,0.0,19.0,0
1566,,,,-100.0,83.0,0
1567,,,,-164.0,-77.0,0
1568,,,,-12.0,39.0,0
1569,,,,24.0,167.0,0
1570,,,,-84.0,207.0,0
1571,,,,-196.0,47.0,0
1572,,,,-8.0,-85.0,0
1573,,,,-104.0,99.0,0
1574,,,,-84.0,103.0,0
1575,,,,24.0,-85.0,0
1576,,,,12.0,-13.0,0
1577,,,,88.0,39.0,0
1578,,,,12.0,159.0,0
1579,,,,-80.0,187.0,0
1580,,,,-96.0,139.0,0
1581,,,,128.0,-1.0,0
1582,,,,-88.0,-41.0,0
1583,,,,152.0,-149.0,0
1584,,,,-144.0,167.0,0
1585,,,,-12.0,-177.0,0
1586,,,,44.0,135.0,0
1587,,,,-224.0,59.0,0
1588,,,,128.0,-125.0,0
1589,,,,32.0,155.0,0
1590,,,,-92.0,91.0,0
1591,,,,64.0,7.0,0
1592,,,,44.0,51.0,0
1593,,,,12.0,135.0,0
1594,,,,36.0,-85.0,0
1595,,,,-72.0,-49.0,0
1596,,,,128.0,-57.0,0
1597,,,,-188.0,79.0,0
1598,,,,-140.0,19.0,0
1599,,,,-196.0,51.0,0
1600,,,,-180.0,139.0,0
1601,,,,-72.0,59.0,0
1602,,,,44.0,-161.0,0
1603,,,,-136.0,171.0,0
1604,,,,60.0,-53.0,0
1605,,,,-12.0,-165.0,0
1606,,,,100.0,-101.0,0
1607,,,,-204.0,195.0,0
1608,,,,-104.0,7.0,0
1609,,,,-20.0,-165.0,0
1610,,,,-44.0,171.0,0
1611,,,,-148.0,-65.0,0
1612,,,,132.0,-85.0,0
1613,,,,-72.0,-25.0,0
1614,,,,48.0,-89.0,0
1615,,,,-204.0,51.0,0
1616,,,,-144.0,155.0,0
1617,,,,-156.0,219.0,0
1618,,,,-52.0,-165.0,0
1619,,,,108.0,-21.0,0
1620,,,,128.0,-81.0,0
1621,,,,-204.0,199.0,0
1622,,,,-84.0,115.0,0
1623,,,,8.0,-185.0,0
1624,,,,-176.0,-77.0,0
1625,,,,-212.0,59.0,0
1626,,,,-80.0,-105.0,0
1627,,,,60.0,-65.0,0
1628,,,,-96.0,-5.0,0
1629,,,,12.0,-85.0,0
1630,,,,80.0,-161.0,0
1631,,,,-32.0,143.0,0
1632,,,,-76.0,-29.0,0
1633,,,,-36.0,207.0,0
1634,,,,64.0,11.0,0
1635,,,,-104.0,111.0,0
1636,,,,-124.0,-41.0,0
1637,,,,-68.0,-17.0,0
1638,,,,-16.0,75.0,0
1639,,,,-72.0,27.0,0
1640,,,,-84.0,27.0,0
1641,,,,84.0,-165.0,0
1642,,,,84.0,-45.0,0
1643,,,,-204.0,159.0,0
1644,,,,124.0,19.0,0
1645,,,,-96.0,-57.0,0
1646,,,,-132.0,-109.0,0
1647,,,,-144.0,-29.0,0
1648,,,,-32.0,151.0,0
1649,,,,176.0,-161.0,0
1650,,,,-100.0,119.0,0
1651,,,,-156.0,75.0,0
1652,,,,4.0,-181.0,0
1653,,,,-152.0,23.0,0
1654,,,,-56.0,215.0,0
1655,,,,-88.0,19.0,0
1656,,,,-116.0,187.0,0
1657,,,,128.0,7.0,0
1658,,,,-128.0,63.0,0
1659,,,,72.0,-173.0,0
1660,,,,-76.0,155.0,0
1661,,,,-24.0,203.0,0
1662,,,,-116.0,155.0,0
1663,,,,104.0,-37.0,0
1664,,,,132.0,-21.0,0
1665,,,,-52.0,75.0,0
1666,,,,-164.0,31.0,0
1667,,,,-36.0,-193.0,0
1668,,,,-164.0,231.0,0
1669,,,,-216.0,39.0,0
1670,,,,144.0,-69.0,0
1671,,,,0.0,-177.0,0
1672,,,,-60.0,147.0,0
1673,,,,0.0,-141.0,0
1674,,,,-160.0,-41.0,0
1675,,,,104.0,15.0,0
1676,,,,112.0,-137.0,0
1677,,,,-52.0,-73.0,0
1678,,,,-92.0,123.0,0
1679,,,,-132.0,31.0,0
1680,,,,-104.0,59.0,0
1681,,,,-40.0,35.0,0
1682,,,,-152.0,-45.0,0
1683,,,,48.0,15.0,0
1684,,,,-8.0,-69.0,0
1685,,,,-148.0,-85.0,0
1686,,,,-76.0,183.0,0
1687,,,,-92.0,163.0,0
1688,,,,-52.0,107.0,0
1689,,,,-156.0,171.0,0
1690,,,,-84.0,123.0,0
1691,,,,80.0,-57.0,0
1692,,,,-52.0,-85.0,0
1693,,,,12.0,-201.0,0
1694,,,,40.0,31.0,0
1695,,,,-164.0,131.0,0
1696,,,,76.0,-85.0,0
1697,,,,-24.0,163.0,0
1698,,,,68.0,-185.0,0
1699,,,,76.0,-121.0,0
1700,,,,128.0,-41.0,0
1701,,,,-152.0,51.0,0
1702,,,,-152.0,-101.0,0
1703,,,,-88.0,83.0,0
1704,,,,20.0,155.0,0
1705,,,,112.0,-185.0,0
1706,,,,-96.0,171.0,0
1707,,,,-148.0,119.0,0
1708,,,,108.0,43.0,0
1709,,,,-12.0,87.0,0
1710,,,,36.0,-33.0,0
1711,,,,24.0,95.0,0
1712,,,,-80.0,-97.0,0
1713,,,,36.0,135.0,0
1714,,,,92.0,-93.0,0
1715,,,,-96.0,35.0,0
1716,,,,56.0,-45.0,0
1717,,,,84.0,3.0,0
1718,,,,-28.0,167.0,0
1719,,,,-108.0,151.0,0
1720,,,,-188.0,63.0,0
1721,,,,-172.0,-93.0,0
1722,,,,-16.0,43.0,0
1723,,,,20.0,67.0,0
1724,,,,44.0,95.0,0
1725,,,,-148.0,107.0,0
1726,,,,20.0,-165.0,0
1727,,,,0.0,-185.0,0
1728,,,,-188.0,55.0,0
1729,,,,-168.0,75.0,0
1730,,,,8.0,131.0,0
1731,,,,-156.0,47.0,0
1732,,,,76.0,-73.0,0
1733,,,,124.0,-121.0,0
1734,,,,-84.0,15.0,0
1735,,,,-140.0,127.0,0
1736,,,,88.0,-93.0,0
1737,,,,-108.0,47.0,0
1738,,,,-124.0,127.0,0
1739,,,,40.0,-121.0,0
1740,,,,-16.0,-65.0,0
1741,,,,16.0,-5.0,0
1742,,,,-184.0,183.0,0
1743,,,,172.0,-161.0,0
1744,,,,-28.0,-13.0,0
1745,,,,-164.0,151.0,0
1746,,,,20.0,-173.0,0
1747,,,,-184.0,207.0,0
1748,,,,112.0,11.0,0
1749,,,,-64.0,147.0,0
1750,,,,-96.0,79.0,0
1751,,,,-40.0,15.0,0
1752,,,,100.0,-45.0,0
1753,,,,112.0,-1.0,0
1754,,,,8.0,43.0,0
1755,,,,144.0,-121.0,0
1756,,,,80.0,39.0,0
1757,,,,100.0,-125.0,0
1758,,,,-56.0,123.0,0
1759,,,,64.0,-173.0,0
1760,,,,-144.0,23.0,0
1761,,,,-72.0,91.0,0
1762,,,,-44.0,-9.0,0
1763,,,,8.0,47.0,0
1764,,,,20.0,-17.0,0
1765,,,,-156.0,-77.0,0
1766,,,,-72.0,-181.0,0
1767,,,,116.0,-97.0,0
1768,,,,-156.0,123.0,0
1769,,,,16.0,43.0,0
1770,,,,-20.0,-13.0,0
1771,,,,-112.0,159.0,0
1772,,,,-4.0,-29.0,0
1773,,,,-140.0,215.0,0
1774,,,,0.0,-65.0,0
1775,,,,84.0,-37.0,0
1776,,,,-108.0,55.0,0
1777,,,,20.0,103.0,0
1778,,,,-76.0,-17.0,0
1779,,,,-76.0,-177.0,0
1780,,,,44.0,71.0,0
1781,,,,-188.0,155.0,0
1782,,,,-24.0,107.0,0
1783,,,,-64.0,123.0,0
1784,,,,20.0,-5.0,0
1785,,,,-24.0,115.0,0
1786,,,,-12.0,51.0,0
1787,,,,-84.0,-77.0,0
1788,,,,224.0,-209.0,0
1789,,,,-68.0,191.0,0
1790,,,,-32.0,-33.0,0
1791,,,,64.0,-53.0,0
1792,,,,-136.0,19.0,0
1793,,,,-128.0,-37.0,0
1794,,,,48.0,-17.0,0
1795,,,,32.0,-93.0,0
1796,,,,-136.0,167.0,0
1797,,,,-168.0,123.0,0
1798,,,,-76.0,39.0,0
1799,,,,64.0,-153.0,0
1800,,,,-32.0,-53.0,0
1801,,,,96.0,35.0,0
1802,,,,-156.0,147.0,0
1803,,,,-172.0,-49.0,0
1804,,,,60.0,7.0,0
1805,,,,96.0,-53.0,0
1806,,,,-104.0,147.0,0
1807,,,,156.0,-141.0,0
1808,,,,-52.0,127.0,0
1809,,,,20.0,111.0,0
1810,,,,-44.0,-201.0,0
1811,,,,-88.0,211.0,0
1812,,,,-216.0,43.0,0
1813,,,,-40.0,191.0,0
1814,,,,-200.0,207.0,0
1815,,,,-68.0,-33.0,0
1816,,,,-116.0,103.0,0
1817,,,,112.0,-169.0,0
1818,,,,-44.0,83.0,0
1819,,,,0.0,87.0,0
1820,,,,-88.0,-49.0,0
1821,,,,116.0,-153.0,0
1822,,,,64.0,23.0,0
1823,,,,-40.0,83.0,0
1824,,,,-88.0,43.0,0
1825,,,,-180.0,15.0,0
1826,,,,-16.0,-141.0,0
1827,,,,-124.0,175.0,0
1828,,,,-20.0,43.0,0
1829,,,,-72.0,123.0,0
1830,,,,-164.0,23.0,0
1831,,,,-4.0,-145.0,0
1832,,,,-76.0,-61.0,0
1833,,,,-164.0,199.0,0
1834,,,,-152.0,-57.0,0
1835,,,,-148.0,179.0,0
1836,,,,-168.0,139.0,0
1837,,,,28.0,-25.0,0
1838,,,,-16.0,-73.0,0
1839,,,,-84.0,-17.0,0
1840,,,,-168.0,63.0,0
1841,,,,-4.0,91.0,0
1842,,,,-140.0,103.0,0
1843,,,,168.0,-185.0,0
1844,,,,-20.0,55.0,0
1845,,,,-52.0,31.0,0
1846,,,,-88.0,27.0,0
1847,,,,140.0,-45.0,0
1848,,,,-36.0,35.0,0
1849,,,,148.0,-73.0,0
1850,,,,60.0,27.0,0
1851,,,,120.0,-181.0,0
1852,,,,112.0,-49.0,0
1853,,,,60.0,-5.0,0
1854,,,,20.0,171.0,0
1855,,,,88.0,-17.0,0
1856,,,,40.0,143.0,0
1857,,,,-180.0,-69.0,0
1858,,,,-160.0,87.0,0
1859,,,,24.0,15.0,0
1860,,,,-184.0,-73.0,0
1861,,,,124.0,51.0,0
1862,,,,12.0,-189.0,0
1863,,,,124.0,11.0,0
1864,,,,-60.0,-189.0,0
1865,,,,-196.0,75.0,0
1866,,,,-204.0,35.0,0
1867,,,,-76.0,59.0,0
1868,,,,-68.0,223.0,0
1869,,,,-132.0,131.0,0
1870,,,,104.0,-189.0,0
1871,,,,-56.0,171.0,0
1872,,,,-128.0,-5.0,0
1873,,,,76.0,-177.0,0
1874,,,,0.0,15.0,0
1875,,,,-32.0,-169.0,0
1876,,,,68.0,-137.0,0
1877,,,,-128.0,-69.0,0
1878,,,,60.0,-89.0,0
1879,,,,-64.0,-25.0,0
1880,,,,60.0,-33.0,0
1881,,,,72.0,-53.0,0
1882,,,,-108.0,159.0,0
1883,,,,96.0,-185.0,0
1884,,,,28.0,-17.0,0
1885,,,,72.0,-57.0,0
1886,,,,-80.0,183.0,0
1887,,,,-164.0,-73.0,0
1888,,,,-84.0,83.0,0
1889,,,,-88.0,91.0,0
1890,,,,-52.0,51.0,0
1891,,,,-84.0,75.0,0
1892,,,,-64.0,-21.0,0
1893,,,,-160.0,171.0,0
1894,,,,-152.0,15.0,0
1895,,,,-16.0,-145.0,0
1896,,,,-56.0,-73.0,0
1897,,,,-32.0,-109.0,0
1898,,,,-144.0,135.0,0
1899,,,,-112.0,183.0,0
1900,,,,96.0,3.0,0
1901,,,,-68.0,-185.0,0
1902,,,,28.0,-85.0,0
1903,,,,124.0,-145.0,0
1904,,,,-44.0,-5.0,0
1905,,,,-88.0,-73.0,0
1906,,,,108.0,-17.0,0
1907,,,,136.0,-65.0,0
1908,,,,-44.0,115.0,0
1909,,,,-152.0,63.0,0
1910,,,,76.0,-133.0,0
1911,,,,-152.0,163.0,0
1912,,,,20.0,-93.0,0
1913,,,,40.0,-97.0,0
1914,,,,4.0,151.0,0
1915,,,,-80.0,67.0,0
1916,,,,-84.0,-57.0,0
1917,,,,36.0,-49.0,0
1918,,,,-220.0,31.0,0
1919,,,,-44.0,-1.0,0
1920,,,,12.0,-81.0,0
1921,,,,-160.0,19.0,0
1922,,,,-168.0,51.0,0
1923,,,,-148.0,43.0,0
1924,,,,-48.0,-9.0,0
1925,,,,-96.0,51.0,0
1926,,,,-164.0,87.0,0
1927,,,,-108.0,-81.0,0
1928,,,,-48.0,67.0,0
1929,,,,112.0,-97.0,0
1930,,,,-140.0,179.0,0
1931,,,,-116.0,19.0,0
1932,,,,44.0,-181.0,0
1933,,,,92.0,15.0,0
1934,,,,108.0,27.0,0
1935,,,,4.0,15.0,0
1936,,,,152.0,-129.0,0
1937,,,,-24.0,83.0,0
1938,,,,-196.0,207.0,0
1939,,,,-88.0,215.0,0
1940,,,,148.0,-105.0,0
1941,,,,-8.0,75.0,0
1942,,,,-36.0,-33.0,0
1943,,,,-4.0,107.0,0
1944,,,,-136.0,63.0,0
1945,,,,-12.0,-169.0,0
1946,,,,-128.0,119.0,0
1947,,,,-88.0,99.0,0
1948,,,,-32.0,-201.0,0
1949,,,,0.0,-17.0,0
1950,,,,152.0,-145.0,0
1951,,,,-124.0,87.0,0
1952,,,,96.0,-1.0,0
1953,,,,-104.0,-25.0,0
1954,,,,-200.0,163.0,0
1955,,,,56.0,-141.0,0
1956,,,,-92.0,43.0,0
1957,,,,-48.0,51.0,0
1958,,,,-52.0,195.0,0
1959,,,,-176.0,207.0,0
1960,,,,-4.0,-113.0,0
1961,,,,-204.0,67.0,0
1962,,,,-176.0,23.0,0
1963,,,,108.0,-69.0,0
1964,,,,-8.0,-137.0,0
1965,,,,112.0,-29.0,0
1966,,,,112.0,19.0,0
1967,,,,-108.0,-77.0,0
1968,,,,-172.0,11.0,0
1969,,,,-32.0,87.0,0
1970,,,,-128.0,199.0,0
1971,,,,-160.0,27.0,0
1972,,,,12.0,-33.0,0
1973,,,,-68.0,-49.0,0
1974,,,,-12.0,-149.0,0
1975,,,,-60.0,-41.0,0
1976,,,,100.0,-113.0,0
1977,,,,152.0,-169.0,0
1978,,,,68.0,-77.0,0
1979,,,,-16.0,11.0,0
1980,,,,-144.0,187.0,0
1981,,,,-32.0,47.0,0
1982,,,,104.0,-77.0,0
1983,,,,-72.0,-161.0,0
1984,,,,-112.0,175.0,0
1985,,,,8.0,-149.0,0
1986,,,,124.0,-137.0,0
1987,,,,-24.0,91.0,0
1988,,,,188.0,-185.0,0
1989,,,,-124.0,-101.0,0
1990,,,,76.0,-49.0,0
1991,,,,-108.0,-109.0,0
1992,,,,-20.0,31.0,0
1993,,,,-200.0,51.0,0
1994,,,,112.0,59.0,0
1995,,,,72.0,-97.0,0
1996,,,,-12.0,-205.0,0
1997,,,,-120.0,-45.0,0
1998,,,,136.0,-181.0,0
1999,,,,-4.0,-177.0,0
2000,,,,-100.0,-1.0,0
2001,,,,-8.0,47.0,0
2002,,,,-140.0,-109.0,0
2003,,,,-48.0,27.0,0
2004,,,,-16.0,71.0,0
2005,,,,-184.0,167.0,0
2006,,,,108.0,-77.0,0
2007,,,,-52.0,123.0,0
2008,,,,-172.0,207.0,0
2009,,,,160.0,-117.0,0
2010,,,,-72.0,203.0,0
2011,,,,-68.0,175.0,0
2012,,,,-220.0,71.0,0
2013,,,,-8.0,59.0,0
2014,,,,-104.0,67.0,0
2015,,,,108.0,-13.0,0
2016,,,,-148.0,39.0,0
2017,,,,-200.0,83.0,0
2018,,,,-156.0,131.0,0
2019,,,,-28.0,-149.0,0
2020,,,,-152.0,-73.0,0
2021,,,,100.0,3.0,0
2022,,,,-4.0,-193.0,0
2023,,,,-60.0,19.0,0
2024,,,,-84.0,3.0,0
2025,,,,44.0,91.0,0
2026,,,,-112.0,11.0,0
2027,,,,-24.0,15.0,0
2028,,,,-84.0,191.0,0
2029,,,,16.0,135.0,0
2030,,,,-200.0,43.0,0
2031,,,,-120.0,151.0,0
2032,,,,-156.0,-73.0,0
2033,,,,-76.0,43.0,0
2034,,,,132.0,-173.0,0
2035,,,,44.0,159.0,0
2036,,,,92.0,-177.0,0
2037,,,,-24.0,-25.0,0
2038,,,,-112.0,43.0,0
2039,,,,-60.0,-173.0,0
2040,,,,-120.0,91.0,0
2041,,,,-180.0,227.0,0
2042,,,,28.0,-1.0,0
2043,,,,140.0,-105.0,0
2044,,,,-124.0,107.0,0
2045,,,,-48.0,15.0,0
2046,,,,104.0,-57.0,0
2047,,,,52.0,-53.0,0
2048,,,,-152.0,67.0,0
2049,,,,-192.0,191.0,0
2050,,,,-36.0,-181.0,0
2051,,,,-16.0,-61.0,0
2052,,,,76.0,-25.0,0
2053,,,,124.0,-53.0,0
2054,,,,16.0,107.0,0
2055,,,,-48.0,-45.0,0
2056,,,,116.0,-37.0,0
2057,,,,16.0,-61.0,0
2058,,,,-44.0,215.0,0
2059,,,,-112.0,27.0,0
2060,,,,40.0,-41.0,0
2061,,,,-176.0,163.0,0
2062,,,,-140.0,171.0,0
2063,,,,-44.0,79.0,0
2064,,,,-16.0,-169.0,0
2065,,,,-160.0,219.0,0
2066,,,,-196.0,59.0,0
2067,,,,72.0,-77.0,0
2068,,,,40.0,131.0,0
2069,,,,-104.0,-45.0,0
2070,,,,-28.0,-201.0,0
2071,,,,28.0,-137.0,0
2072,,,,-48.0,-5.0,0
2073,,,,-52.0,23.0,0
2074,,,,-56.0,-181.0,0
2075,,,,-96.0,-109.0,0
2076,,,,-180.0,183.0,0
2077,,,,36.0,-177.0,0
2078,,,,80.0,-181.0,0
2079,,,,32.0,55.0,0
2080,,,,112.0,-177.0,0
2081,,,,-180.0,23.0,0
2082,,,,12.0,-173.0,0
2083,,,,164.0,-165.0,0
2084,,,,-128.0,-97.0,0
2085,,,,-208.0,47.0,0
2086,,,,80.0,-149.0,0
2087,,,,-72.0,-57.0,0
2088,,,,120.0,-45.0,0
2089,,,,128.0,-89.0,0
2090,,,,-80.0,-13.0,0
2091,,,,-48.0,-13.0,0
2092,,,,-28.0,63.0,0
2093,,,,-68.0,63.0,0
2094,,,,-44.0,59.0,0
2095,,,,100.0,39.0,0
2096,,,,-48.0,143.0,0
2097,,,,108.0,-161.0,0
2098,,,,20.0,-161.0,0
2099,,,,228.0,-209.0,0
2100,,,,-36.0,139.0,0
2101,,,,-120.0,27.0,0
2102,,,,120.0,55.0,0
2103,,,,124.0,-21.0,0
2104,,,,-136.0,163.0,0
2105,,,,-80.0,-5.0,0
2106,,,,-92.0,191.0,0
2107,,,,32.0,-177.0,0
2108,,,,104.0,-33.0,0
2109,,,,168.0,-181.0,0
2110,,,,-36.0,-149.0,0
2111,,,,-64.0,71.0,0
2112,,,,-124.0,119.0,0
2113,,,,-92.0,23.0,0
2114,,,,88.0,-117.0,0
2115,,,,-4.0,55.0,0
2116,,,,-96.0,123.0,0
2117,,,,-120.0,199.0,0
2118,,,,-144.0,119.0,0
2119,,,,12.0,71.0,0
2120,,,,84.0,-89.0,0
2121,,,,-140.0,59.0,0
2122,,,,28.0,143.0,0
2123,,,,4.0,95.0,0
2124,,,,-104.0,131.0,0
2125,,,,-76.0,103.0,0
2126,,,,-116.0,143.0,0
2127,,,,-84.0,159.0,0
2128,,,,-104.0,-13.0,0
2129,,,,-184.0,223.0,0
2130,,,,-40.0,-57.0,0
2131,,,,148.0,-169.0,0
2132,,,,48.0,-185.0,0
2133,,,,-12.0,-117.0,0
2134,,,,32.0,-181.0,0
2135,,,,28.0,-77.0,0
2136,,,,-188.0,167.0,0
2137,,,,68.0,35.0,0
2138,,,,-132.0,75.0,0
2139,,,,84.0,-21.0,0
2140,,,,-12.0,71.0,0
2141,,,,16.0,163.0,0
2142,,,,128.0,-149.0,0
2143,,,,36.0,-5.0,0
2144,,,,128.0,27.0,0
2145,,,,-124.0,179.0,0
2146,,,,-44.0,-45.0,0
2147,,,,8.0,-65.0,0
2148,,,,-68.0,-161.0,0
2149,,,,12.0,-157.0,0
2150,,,,-40.0,-81.0,0
2151,,,,96.0,-97.0,0
2152,,,,-72.0,183.0,0
2153,,,,-56.0,-17.0,0
2154,,,,-132.0,79.0,0
2155,,,,72.0,-137.0,0
2156,,,,116.0,-1.0,0
2157,,,,44.0,-73.0,0
2158,,,,56.0,-13.0,0
2159,,,,-116.0,-77.0,0
2160,,,,0.0,143.0,0
2161,,,,-160.0,227.0,0
2162,,,,120.0,19.0,0
2163,,,,-120.0,147.0,0
2164,,,,84.0,-97.0,0
2165,,,,-24.0,55.0,0
2166,,,,-132.0,-81.0,0
2167,,,,32.0,147.0,0
2168,,,,140.0,-133.0,0
2169,,,,96.0,43.0,0
2170,,,,68.0,-141.0,0
2171,,,,76.0,-41.0,0
2172,,,,144.0,-109.0,0
2173,,,,-52.0,79.0,0
2174,,,,-4.0,35.0,0
2175,,,,-156.0,-61.0,0
2176,,,,-72.0,131.0,0
2177,,,,80.0,35.0,0
2178,,,,16.0,39.0,0
2179,,,,-52.0,-5.0,0
2180,,,,-12.0,99.0,0
2181,,,,-68.0,227.0,0
2182,,,,-64.0,19.0,0
2183,,,,-72.0,-193.0,0
2184,,,,108.0,-101.0,0
2185,,,,-52.0,219.0,0
2186,,,,-8.0,19.0,0
2187,,,,-60.0,-25.0,0
2188,,,,16.0,7.0,0
2189,,,,-4.0,-77.0,0
2190,,,,100.0,47.0,0
2191,,,,-204.0,39.0,0
2192,,,,-32.0,-57.0,0
2193,,,,44.0,-149.0,0
2194,,,,20.0,59.0,0
2195,,,,-112.0,147.0,0
2196,,,,56.0,-133.0,0
2197,,,,-172.0,39.0,0
2198,,,,84.0,27.0,0
2199,,,,140.0,-93.0,0
2200,,,,92.0,71.0,0
2201,,,,-72.0,99.0,0
2202,,,,88.0,-141.0,0
2203,,,,-124.0,-61.0,0
2204,,,,-136.0,-25.0,0
2205,,,,24.0,-113.0,0
2206,,,,-168.0,43.0,0
2207,,,,148.0,-85.0,0
2208,,,,-64.0,111.0,0
2209,,,,4.0,35.0,0
2210,,,,96.0,-21.0,0
2211,,,,-148.0,99.0,0
2212,,,,-44.0,131.0,0
2213,,,,60.0,-29.0,0
2214,,,,104.0,-149.0,0
2215,,,,-176.0,-53.0,0
2216,,,,-104.0,27.0,0
2217,,,,-96.0,-105.0,0
2218,,,,-28.0,59.0,0
2219,,,,144.0,-161.0,0
2220,,,,4.0,-45.0,0
2221,,,,-88.0,-69.0,0
2222,,,,-120.0,179.0,0
2223,,,,-48.0,211.0,0
2224,,,,-72.0,-77.0,0
2225,,,,-124.0,27.0,0
2226,,,,68.0,19.0,0
2227,,,,-132.0,-97.0,0
2228,,,,116.0,59.0,0
2229,,,,-56.0,-89.0,0
2230,,,,80.0,-17.0,0
2231,,,,-104.0,31.0,0
2232,,,,-8.0,-33.0,0
2233,,,,20.0,-29.0,0
2234,,,,-32.0,-69.0,0
2235,,,,-176.0,135.0,0
2236,,,,-136.0,11.0,0
2237,,,,60.0,-25.0,0
2238,,,,-68.0,155.0,0
2239,,,,20.0,-37.0,0
2240,,,,-44.0,-197.0,0
2241,,,,-60.0,207.0,0
2242,,,,-192.0,47.0,0
2243,,,,-36.0,155.0,0
2244,,,,-132.0,199.0,0
2245,,,,128.0,-29.0,0
2246,,,,124.0,-161.0,0
2247,,,,48.0,135.0,0
2248,,,,24.0,-45.0,0
2249,,,,-88.0,203.0,0
2250,,,,-156.0,135.0,0
2251,,,,144.0,-177.0,0
2252,,,,-160.0,179.0,0
2253,,,,140.0,-185.0,0
2254,,,,-192.0,159.0,0
2255,,,,-44.0,75.0,0
2256,,,,72.0,-165.0,0
2257,,,,-120.0,95.0,0
2258,,,,104.0,-89.0,0
2259,,,,72.0,-193.0,0
2260,,,,16.0,-201.0,0
2261,,,,-60.0,27.0,0
2262,,,,-68.0,111.0,0
2263,,,,108.0,39.0,0
2264,,,,-160.0,-93.0,0
2265,,,,32.0,-185.0,0
2266,,,,20.0,63.0,0
2267,,,,-108.0,143.0,0
2268,,,,4.0,127.0,0
2269,,,,24.0,171.0,0
2270,,,,-68.0,-25.0,0
2271,,,,-52.0,-169.0,0
2272,,,,-136.0,-41.0,0
2273,,,,-68.0,219.0,0
2274,,,,72.0,23.0,0
2275,,,,20.0,-45.0,0
2276,,,,-100.0,123.0,0
2277,,,,-144.0,-97.0,0
2278,,,,-164.0,71.0,0
2279,,,,-8.0,-97.0,0
2280,,,,60.0,-153.0,0
2281,,,,200.0,-193.0,0
2282,,,,-56.0,187.0,0
2283,,,,-56.0,143.0,0
2284,,,,60.0,-117.0,0
2285,,,,200.0,-185.0,0
2286,,,,-188.0,175.0,0
2287,,,,-76.0,-49.0,0
2288,,,,24.0,155.0,0
2289,,,,-192.0,51.0,0
2290,,,,-44.0,155.0,0
2291,,,,44.0,-185.0,0
2292,,,,8.0,-5.0,0
2293,,,,-104.0,55.0,0
2294,,,,-16.0,-181.0,0
2295,,,,32.0,175.0,0
2296,,,,180.0,-189.0,0
2297,,,,-80.0,-37.0,0
2298,,,,-160.0,139.0,0
2299,,,,-212.0,35.0,0
2300,,,,-148.0,27.0,0
2301,,,,-72.0,163.0,0
2302,,,,116.0,-157.0,0
2303,,,,4.0,19.0,0
2304,,,,-120.0,-1.0,0
2305,,,,36.0,59.0,0
2306,,,,-192.0,183.0,0
2307,,,,-164.0,167.0,0
2308,,,,128.0,-73.0,0
2309,,,,-12.0,-101.0,0
2310,,,,-8.0,107.0,0
2311,,,,164.0,-157.0,0
2312,,,,-48.0,151.0,0
2313,,,,-4.0,27.0,0
2314,,,,104.0,67.0,0
2315,,,,48.0,-57.0,0
2316,,,,-12.0,-93.0,0
2317,,,,92.0,-61.0,0
2318,,,,-92.0,-101.0,0
2319,,,,-80.0,191.0,0
2320,,,,-64.0,27.0,0
2321,,,,-128.0,43.0,0
2322,,,,140.0,-77.0,0
2323,,,,-108.0,75.0,0
2324,,,,-52.0,175.0,0
2325,,,,56.0,-137.0,0
2326,,,,-48.0,-97.0,0
2327,,,,144.0,-133.0,0
2328,,,,40.0,-29.0,0
2329,,,,24.0,75.0,0
2330,,,,16.0,-129.0,0
2331,,,,-144.0,115.0,0
2332,,,,-64.0,187.0,0
2333,,,,-136.0,-89.0,0
2334,,,,-56.0,195.0,0
2335,,,,-104.0,15.0,0
2336,,,,-160.0,187.0,0
2337,,,,108.0,-33.0,0
2338,,,,12.0,99.0,0
2339,,,,-60.0,55.0,0
2340,,,,20.0,143.0,0
2341,,,,132.0,-29.0,0
2342,,,,48.0,131.0,0
2343,,,,-132.0,-45.0,0
2344,,,,-64.0,59.0,0
2345,,,,-68.0,207.0,0
2346,,,,0.0,-33.0,0
2347,,,,-16.0,51.0,0
2348,,,,28.0,19.0,0
2349,,,,-144.0,223.0,0
2350,,,,120.0,-129.0,0
2351,,,,-200.0,171.0,0
2352,,,,-80.0,131.0,0
2353,,,,112.0,-145.0,0
2354,,,,-148.0,-37.0,0
2355,,,,104.0,-1.0,0
2356,,,,32.0,67.0,0
2357,,,,124.0,-177.0,0
2358,,,,-100.0,111.0,0
2359,,,,-156.0,151.0,0
2360,,,,-52.0,99.0,0
2361,,,,-120.0,39.0,0
2362,,,,-200.0,11.0,0
2363,,,,-96.0,-13.0,0
2364,,,,-16.0,79.0,0
2365,,,,40.0,167.0,0
2366,,,,-12.0,-181.0,0
2367,,,,-188.0,187.0,0
2368,,,,-48.0,-89.0,0
2369,,,,112.0,27.0,0
2370,,,,36.0,147.0,0
2371,,,,56.0,-41.0,0
2372,,,,112.0,-85.0,0
2373,,,,76.0,47.0,0
2374,,,,-44.0,63.0,0
2375,,,,124.0,-157.0,0
2376,,,,-44.0,159.0,0
2377,,,,-120.0,131.0,0
2378,,,,-16.0,-21.0,0
2379,,,,-116.0,115.0,0
2380,,,,-120.0,-21.0,0
2381,,,,-24.0,-109.0,0
2382,,,,-64.0,-69.0,0
2383,,,,-108.0,63.0,0
2384,,,,160.0,-173.0,0
2385,,,,-184.0,147.0,0
2386,,,,-68.0,163.0,0
2387,,,,144.0,-129.0,0
2388,,,,68.0,-193.0,0
2389,,,,-192.0,79.0,0
2390,,,,-132.0,195.0,0
2391,,,,-168.0,167.0,0
2392,,,,32.0,-137.0,0
2393,,,,48.0,111.0,0
2394,,,,-180.0,171.0,0
2395,,,,20.0,79.0,0
2396,,,,124.0,-81.0,0
2397,,,,64.0,-29.0,0
2398,,,,28.0,-129.0,0
2399,,,,212.0,-205.0,0
2400,,,,-44.0,-13.0,0
2401,,,,0.0,79.0,0
2402,,,,-20.0,35.0,0
2403,,,,112.0,-105.0,0
2404,,,,44.0,119.0,0
2405,,,,-80.0,-93.0,0
2406,,,,-156.0,11.0,0
2407,,,,-80.0,-9.0,0
2408,,,,-124.0,99.0,0
2409,,,,-28.0,75.0,0
2410,,,,-124.0,147.0,0
2411,,,,-52.0,87.0,0
2412,,,,120.0,-1.0,0
2413,,,,-132.0,51.0,0
2414,,,,12.0,-65.0,0
2415,,,,-96.0,-53.0,0
2416,,,,-40.0,27.0,0
2417,,,,-40.0,-157.0,0
2418,,,,-32.0,203.0,0
2419,,,,112.0,-41.0,0
2420,,,,-64.0,-157.0,0
2421,,,,-140.0,99.0,0
2422,,,,56.0,-105.0,0
2423,,,,-72.0,119.0,0
2424,,,,-24.0,-37.0,0
2425,,,,-128.0,79.0,0
2426,,,,-36.0,-101.0,0
2427,,,,-140.0,167.0,0
2428,,,,-36.0,-21.0,0
2429,,,,-124.0,203.0,0
2430,,,,12.0,131.0,0
2431,,,,-52.0,-41.0,0
2432,,,,-36.0,151.0,0
2433,,,,-172.0,-73.0,0
2434,,,,-196.0,211.0,0
2435,,,,96.0,71.0,0
2436,,,,-120.0,-85.0,0
2437,,,,-68.0,47.0,0
2438,,,,92.0,11.0,0
2439,,,,-92.0,-93.0,0
2440,,,,-124.0,-9.0,0
2441,,,,-64.0,-89.0,0
2442,,,,-92.0,-57.0,0
2443,,,,-52.0,95.0,0
2444,,,,-40.0,-9.0,0
2445,,,,12.0,-9.0,0
2446,,,,-36.0,-25.0,0
2447,,,,20.0,163.0,0
2448,,,,48.0,127.0,0
2449,,,,-120.0,-61.0,0
2450,,,,-168.0,-45.0,0
2451,,,,-68.0,-9.0,0
2452,,,,4.0,3.0,0
2453,,,,-108.0,179.0,0
2454,,,,32.0,-157.0,0
2455,,,,8.0,-105.0,0
2456,,,,-176.0,199.0,0
2457,,,,172.0,-173.0,0
2458,,,,136.0,-105.0,0
2459,,,,-32.0,99.0,0
2460,,,,-12.0,-17.0,0
2461,,,,28.0,91.0,0
2462,,,,-80.0,95.0,0
2463,,,,116.0,-49.0,0
2464,,,,-88.0,-65.0,0
2465,,,,-12.0,-45.0,0
2466,,,,-120.0,-101.0,0
2467,,,,168.0,-161.0,0
2468,,,,56.0,-85.0,0
2469,,,,-80.0,127.0,0
2470,,,,-4.0,-125.0,0
2471,,,,-140.0,219.0,0
2472,,,,-112.0,-21.0,0
2473,,,,52.0,-141.0,0
2474,,,,172.0,-177.0,0
2475,,,,-124.0,-65.0,0
2476,,,,-4.0,119.0,0
2477,,,,-64.0,-9.0,0
2478,,,,-40.0,43.0,0
2479,,,,-104.0,-57.0,0
2480,,,,-36.0,-65.0,0
2481,,,,80.0,-9.0,0
2482,,,,176.0,-181.0,0
2483,,,,-40.0,179.0,0
2484,,,,-124.0,-93.0,0
2485,,,,112.0,-69.0,0
2486,,,,20.0,31.0,0
2487,,,,92.0,-89.0,0
2488,,,,-12.0,-41.0,0
2489,,,,24.0,-169.0,0
2490,,,,104.0,31.0,0
2491,,,,68.0,-153.0,0
2492,,,,4.0,-61.0,0
2493,,,,-116.0,-13.0,0
2494,,,,-72.0,11.0,0
2495,,,,124.0,-13.0,0
2496,,,,-148.0,-101.0,0
2497,,,,-20.0,87.0,0
2498,,,,-128.0,195.0,0
2499,,,,-140.0,115.0,0
2500,,,,60.0,-173.0,0
2501,,,,-152.0,107.0,0
2502,,,,-148.0,-33.0,0
2503,,,,-172.0,151.0,0
2504,,,,40.0,163.0,0
2505,,,,116.0,7.0,0
2506,,,,-52.0,-157.0,0
2507,,,,-40.0,211.0,0
2508,,,,-40.0,-109.0,0
2509,,,,152.0,-101.0,0
2510,,,,16.0,71.0,0
2511,,,,8.0,87.0,0
2512,,,,76.0,19.0,0
2513,,,,148.0,-181.0,0
2514,,,,-92.0,71.0,0
2515,,,,-44.0,-189.0,0
2516,,,,-160.0,39.0,0
2517,,,,-56.0,23.0,0
2518,,,,-144.0,83.0,0
2519,,,,120.0,-41.0,0
2520,,,,-56.0,135.0,0
2521,,,,-48.0,39.0,0
2522,,,,-88.0,-45.0,0
2523,,,,-212.0,19.0,0
2524,,,,92.0,-173.0,0
2525,,,,20.0,-57.0,0
2526,,,,-72.0,63.0,0
2527,,,,-172.0,-77.0,0
2528,,,,-20.0,-9.0,0
2529,,,,52.0,-57.0,0
2530,,,,-20.0,195.0,0
2531,,,,-104.0,159.0,0
2532,,,,-68.0,-165.0,0
2533,,,,-196.0,195.0,0
2534,,,,40.0,-5.0,0
2535,,,,-24.0,-205.0,0
2536,,,,36.0,-113.0,0
2537,,,,-128.0,31.0,0
2538,,,,-72.0,139.0,0
2539,,,,148.0,-137.0,0
2540,,,,0.0,139.0,0
2541,,,,120.0,-169.0,0
2542,,,,-116.0,15.0,0
2543,,,,24.0,19.0,0
2544,,,,112.0,67.0,0
2545,,,,-36.0,-53.0,0
2546,,,,84.0,-101.0,0
2547,,,,116.0,19.0,0
2548,,,,-116.0,191.0,0
2549,,,,-28.0,-57.0,0
2550,,,,-144.0,159.0,0
2551,,,,-80.0,-85.0,0
2552,,,,40.0,43.0,0
2553,,,,120.0,11.0,0
2554,,,,-128.0,127.0,0
2555,,,,12.0,-37.0,0
2556,,,,-112.0,-113.0,0
2557,,,,96.0,-165.0,0
2558,,,,-36.0,131.0,0
2559,,,,-108.0,155.0,0
2560,,,,168.0,-177.0,0
2561,,,,-108.0,19.0,0
2562,,,,-36.0,107.0,0
2563,,,,-24.0,171.0,0
2564,,,,-120.0,67.0,0
2565,,,,-32.0,167.0,0
2566,,,,-32.0,-161.0,0
2567,,,,48.0,-177.0,0
2568,,,,-8.0,-153.0,0
2569,,,,-76.0,-73.0,0
2570,,,,-132.0,87.0,0
2571,,,,36.0,23.0,0
2572,,,,168.0,-157.0,0
2573,,,,-4.0,-141.0,0
2574,,,,92.0,-17.0,0
2575,,,,-92.0,179.0,0
2576,,,,24.0,-57.0,0
2577,,,,-148.0,183.0,0
2578,,,,-64.0,35.0,0
2579,,,,-32.0,107.0,0
2580,,,,-48.0,11.0,0
2581,,,,104.0,63.0,0
2582,,,,-72.0,-157.0,0
2583,,,,-44.0,-105.0,0
2584,,,,-84.0,215.0,0
2585,,,,-56.0,11.0,0
2586,,,,-192.0,31.0,0
2587,,,,-100.0,95.0,0
2588,,,,20.0,-185.0,0
2589,,,,48.0,-137.0,0
2590,,,,-140.0,55.0,0
2591,,,,-92.0,-53.0,0
2592,,,,-32.0,191.0,0
2593,,,,-184.0,51.0,0
2594,,,,-32.0,159.0,0
2595,,,,-196.0,79.0,0
2596,,,,80.0,-45.0,0
2597,,,,20.0,27.0,0
2598,,,,128.0,-113.0,0
2599,,,,-148.0,135.0,0
2600,,,,-168.0,59.0,0
2601,,,,-40.0,155.0,0
2602,,,,-4.0,-5.0,0
2603,,,,-156.0,139.0,0
2604,,,,-108.0,119.0,0
2605,,,,0.0,67.0,0
2606,,,,-4.0,-181.0,0
2607,,,,-76.0,127.0,0
2608,,,,40.0,-193.0,0
2609,,,,-200.0,79.0,0
2610,,,,132.0,-177.0,0
2611,,,,84.0,-25.0,0
2612,,,,-148.0,87.0,0
2613,,,,-60.0,-13.0,0
2614,,,,-96.0,135.0,0
2615,,,,28.0,139.0,0
2616,,,,-28.0,71.0,0
2617,,,,32.0,-69.0,0
2618,,,,-148.0,31.0,0
2619,,,,-132.0,183.0,0
2620,,,,32.0,39.0,0
2621,,,,-112.0,19.0,0
2622,,,,-8.0,71.0,0
2623,,,,-76.0,215.0,0
2624,,,,-68.0,35.0,0
2625,,,,-188.0,83.0,0
2626,,,,0.0,-145.0,0
2627,,,,-56.0,-157.0,0
2628,,,,32.0,19.0,0
2629,,,,-84.0,-37.0,0
2630,,,,-56.0,-153.0,0
2631,,,,-36.0,119.0,0
2632,,,,52.0,123.0,0
2633,,,,56.0,-129.0,0
2634,,,,-80.0,-109.0,0
2635,,,,-92.0,195.0,0
2636,,,,4.0,167.0,0
2637,,,,-60.0,39.0,0
2638,,,,-12.0,103.0,0
2639,,,,188.0,-173.0,0
2640,,,,-60.0,111.0,0
2641,,,,12.0,55.0,0
2642,,,,124.0,55.0,0
2643,,,,-160.0,119.0,0
2644,,,,124.0,-61.0,0
2645,,,,-140.0,187.0,0
2646,,,,-100.0,35.0,0
2647,,,,-64.0,-85.0,0
2648,,,,176.0,-169.0,0
2649,,,,-4.0,23.0,0
2650,,,,80.0,-89.0,0
2651,,,,28.0,-149.0,0
2652,,,,-96.0,83.0,0
2653,,,,-88.0,79.0,0
2654,,,,-36.0,23.0,0
2655,,,,-28.0,-29.0,0
2656,,,,132.0,-33.0,0
2657,,,,88.0,-185.0,0
2658,,,,-32.0,139.0,0
2659,,,,-28.0,55.0,0
2660,,,,-8.0,119.0,0
2661,,,,-84.0,-1.0,0
2662,,,,-56.0,39.0,0
2663,,,,88.0,-125.0,0
2664,,,,24.0,79.0,0
2665,,,,40.0,27.0,0
2666,,,,-100.0,-53.0,0
2667,,,,48.0,-133.0,0
2668,,,,-48.0,195.0,0
2669,,,,12.0,-41.0,0
2670,,,,-32.0,-65.0,0
2671,,,,-96.0,27.0,0
2672,,,,72.0,-145.0,0
2673,,,,0.0,-201.0,0
2674,,,,16.0,-1.0,0
2675,,,,16.0,-69.0,0
2676,,,,-48.0,135.0,0
2677,,,,-80.0,159.0,0
2678,,,,4.0,43.0,0
2679,,,,12.0,107.0,0
2680,,,,-92.0,-73.0,0
2681,,,,-28.0,-25.0,0
2682,,,,-44.0,139.0,0
2683,,,,8.0,-201.0,0
2684,,,,-116.0,127.0,0
2685,,,,-88.0,-97.0,0
2686,,,,-28.0,83.0,0
2687,,,,-8.0,-121.0,0
2688,,,,20.0,107.0,0
2689,,,,0.0,99.0,0
2690,,,,-192.0,67.0,0
2691,,,,76.0,-189.0,0
2692,,,,-128.0,-57.0,0
2693,,,,-36.0,43.0,0
2694,,,,88.0,-165.0,0
2695,,,,0.0,131.0,0
2696,,,,-32.0,-77.0,0
2697,,,,156.0,-109.0,0
2698,,,,-144.0,-89.0,0
2699,,,,-76.0,227.0,0
2700,,,,-116.0,-101.0,0
2701,,,,-20.0,-57.0,0
2702,,,,-76.0,-77.0,0
2703,,,,-32.0,59.0,0
2704,,,,-76.0,-5.0,0
2705,,,,124.0,-1.0,0
2706,,,,-20.0,-141.0,0
2707,,,,120.0,-17.0,0
2708,,,,40.0,-173.0,0
2709,,,,-96.0,-97.0,0
2710,,,,-120.0,15.0,0
2711,,,,-88.0,11.0,0
2712,,,,-180.0,175.0,0
2713,,,,112.0,43.0,0
2714,,,,96.0,-157.0,0
2715,,,,-76.0,-189.0,0
2716,,,,140.0,-137.0,0
2717,,,,-208.0,43.0,0
2718,,,,-76.0,51.0,0
2719,,,,-84.0,59.0,0
2720,,,,-44.0,31.0,0
2721,,,,44.0,7.0,0
2722,,,,-132.0,127.0,0
2723,,,,-28.0,159.0,0
2724,,,,68.0,39.0,0
2725,,,,32.0,3.0,0
2726,,,,8.0,-189.0,0
2727,,,,-48.0,-109.0,0
2728,,,,-144.0,15.0,0
2729,,,,-8.0,7.0,0
2730,,,,-84.0,135.0,0
2731,,,,-36.0,55.0,0
2732,,,,124.0,-113.0,0
2733,,,,-164.0,-93.0,0
2734,,,,132.0,-125.0,0
2735,,,,-20.0,-69.0,0
2736,,,,-108.0,131.0,0
2737,,,,160.0,-125.0,0
2738,,,,-28.0,-85.0,0
2739,,,,28.0,-157.0,0
2740,,,,-48.0,155.0,0
2741,,,,-44.0,47.0,0
2742,,,,28.0,115.0,0
2743,,,,32.0,-165.0,0
2744,,,,4.0,-77.0,0
2745,,,,-144.0,107.0,0
2746,,,,-56.0,-93.0,0
2747,,,,-152.0,175.0,0
2748,,,,-20.0,-17.0,0
2749,,,,-28.0,87.0,0
2750,,,,-24.0,-101.0,0
2751,,,,32.0,87.0,0
2752,,,,16.0,151.0,0
2753,,,,-56.0,-33.0,0
2754,,,,12.0,-109.0,0
2755,,,,-164.0,11.0,0
2756,,,,-108.0,175.0,0
2757,,,,-152.0,-37.0,0
2758,,,,-44.0,111.0,0
2759,,,,-56.0,111.0,0
2760,,,,-4.0,63.0,0
2761,,,,-112.0,-65.0,0
2762,,,,-112.0,171.0,0
2763,,,,16.0,123.0,0
2764,,,,24.0,83.0,0
2765,,,,16.0,19.0,0
2766,,,,-52.0,-25.0,0
2767,,,,-56.0,139.0,0
2768,,,,-24.0,103.0,0
2769,,,,72.0,-81.0,0
2770,,,,84.0,-105.0,0
2771,,,,144.0,-165.0,0
2772,,,,28.0,-153.0,0
2773,,,,-36.0,7.0,0
2774,,,,-176.0,227.0,0
2775,,,,-144.0,39.0,0
2776,,,,-52.0,187.0,0
2777,,,,-196.0,187.0,0
2778,,,,28.0,59.0,0
2779,,,,-44.0,7.0,0
2780,,,,-40.0,-181.0,0
2781,,,,104.0,75.0,0
2782,,,,32.0,171.0,0
2783,,,,60.0,-141.0,0
2784,,,,-104.0,-9.0,0
2785,,,,88.0,-89.0,0
2786,,,,-136.0,31.0,0
2787,,,,36.0,67.0,0
2788,,,,108.0,-157.0,0
2789,,,,84.0,23.0,0
2790,,,,-8.0,115.0,0
2791,,,,-88.0,3.0,0
2792,,,,-48.0,-33.0,0
2793,,,,-136.0,-97.0,0
2794,,,,64.0,-49.0,0
2795,,,,-148.0,151.0,0
2796,,,,28.0,-125.0,0
2797,,,,-112.0,31.0,0
2798,,,,-72.0,-69.0,0
2799,,,,-136.0,23.0,0
2800,,,,-64.0,-73.0,0
2801,,,,36.0,-157.0,0
2802,,,,112.0,-45.0,0
2803,,,,28.0,147.0,0
2804,,,,28.0,67.0,0
2805,,,,64.0,19.0,0
2806,,,,8.0,31.0,0
2807,,,,-76.0,95.0,0
2808,,,,44.0,31.0,0
2809,,,,124.0,-109.0,0
2810,,,,-80.0,59.0,0
2811,,,,-140.0,-65.0,0
2812,,,,36.0,-185.0,0
2813,,,,204.0,-189.0,0
2814,,,,28.0,83.0,0
2815,,,,32.0,-53.0,0
2816,,,,-44.0,-41.0,0
2817,,,,-188.0,171.0,0
2818,,,,108.0,-145.0,0
2819,,,,-104.0,39.0,0
2820,,,,-148.0,11.0,0
2821,,,,-92.0,-41.0,0
2822,,,,28.0,111.0,0
2823,,,,-132.0,-37.0,0
2824,,,,-48.0,71.0,0
2825,,,,-44.0,27.0,0
2826,,,,-104.0,71.0,0
2827,,,,-56.0,79.0,0
2828,,,,48.0,-153.0,0
2829,,,,-24.0,-33.0,0
2830,,,,-12.0,43.0,0
2831,,,,-56.0,-9.0,0
2832,,,,-120.0,55.0,0
2833,,,,-72.0,111.0,0
2834,,,,44.0,-45.0,0
2835,,,,-72.0,159.0,0
2836,,,,-152.0,143.0,0
2837,,,,-176.0,63.0,0
2838,,,,156.0,-137.0,0
2839,,,,-32.0,-101.0,0
2840,,,,-120.0,-105.0,0
2841,,,,-24.0,195.0,0
2842,,,,-64.0,63.0,0
2843,,,,-148.0,-77.0,0
2844,,,,32.0,-141.0,0
2845,,,,72.0,3.0,0
2846,,,,132.0,-65.0,0
2847,,,,-36.0,-41.0,0
2848,,,,140.0,-129.0,0
2849,,,,184.0,-177.0,0
2850,,,,20.0,-193.0,0
2851,,,,176.0,-177.0,0
2852,,,,-192.0,211.0,0
2853,,,,0.0,119.0,0
2854,,,,116.0,23.0,0
2855,,,,-88.0,-93.0,0
2856,,,,-112.0,-73.0,0
2857,,,,104.0,-109.0,0
2858,,,,-92.0,87.0,0
2859,,,,-188.0,203.0,0
2860,,,,-144.0,-85.0,0
2861,,,,-64.0,-165.0,0
2862,,,,-184.0,191.0,0
2863,,,,52.0,135.0,0
2864,,,,-84.0,23.0,0
2865,,,,12.0,123.0,0
2866,,,,-44.0,195.0,0
2867,,,,0.0,-125.0,0
2868,,,,-96.0,159.0,0
2869,,,,-140.0,143.0,0
2870,,,,36.0,-21.0,0
2871,,,,-204.0,27.0,0
2872,,,,-32.0,95.0,0
2873,,,,-132.0,107.0,0
2874,,,,-40.0,-41.0,0
2875,,,,-112.0,115.0,0
2876,,,,-128.0,-21.0,0
2877,,,,-120.0,-37.0,0
2878,,,,-160.0,-65.0,0
2879,,,,-168.0,35.0,0
2880,,,,12.0,-77.0,0
2881,,,,-148.0,35.0,0
2882,,,,44.0,-29.0,0
2883,,,,116.0,75.0,0
2884,,,,176.0,-157.0,0
2885,,,,40.0,-25.0,0
2886,,,,-100.0,71.0,0
2887,,,,4.0,47.0,0
2888,,,,-144.0,175.0,0
2889,,,,36.0,-117.0,0
2890,,,,-176.0,7.0,0
2891,,,,116.0,-9.0,0
2892,,,,-24.0,-65.0,0
2893,,,,-196.0,63.0,0
2894,,,,76.0,-93.0,0
2895,,,,0.0,-117.0,0
2896,,,,-204.0,187.0,0
2897,,,,12.0,-45.0,0
2898,,,,52.0,-33.0,0
2899,,,,192.0,-193.0,0
2900,,,,36.0,127.0,0
2901,,,,-128.0,167.0,0
2902,,,,-112.0,-53.0,0
2903,,,,24.0,-13.0,0
2904,,,,76.0,-17.0,0
2905,,,,104.0,-153.0,0
2906,,,,-220.0,67.0,0
2907,,,,100.0,-117.0,0
2908,,,,120.0,-133.0,0
2909,,,,80.0,-157.0,0
2910,,,,-92.0,67.0,0
2911,,,,-120.0,87.0,0
2912,,,,-160.0,15.0,0
2913,,,,-144.0,-61.0,0
2914,,,,12.0,-61.0,0
2915,,,,44.0,123.0,0
2916,,,,-12.0,31.0,0
2917,,,,-116.0,195.0,0
2918,,,,-204.0,83.0,0
2919,,,,112.0,-113.0,0
2920,,,,-44.0,127.0,0
2921,,,,-32.0,19.0,0
2922,,,,96.0,-121.0,0
2923,,,,-180.0,11.0,0
2924,,,,-76.0,-93.0,0
2925,,,,-36.0,59.0,0
2926,,,,-68.0,131.0,0
2927,,,,60.0,-81.0,0
2928,,,,16.0,-189.0,0
2929,,,,68.0,11.0,0
2930,,,,-164.0,35.0,0
2931,,,,24.0,-9.0,0
2932,,,,140.0,-149.0,0
2933,,,,148.0,-129.0,0
2934,,,,-76.0,107.0,0
2935,,,,-60.0,167.0,0
2936,,,,-20.0,-189.0,0
2937,,,,36.0,15.0,0
2938,,,,-36.0,15.0,0
2939,,,,-40.0,87.0,0
2940,,,,-4.0,67.0,0
2941,,,,20.0,-121.0,0
2942,,,,40.0,39.0,0
2943,,,,-104.0,23.0,0
2944,,,,-156.0,199.0,0
2945,,,,-172.0,195.0,0
2946,,,,20.0,-9.0,0
2947,,,,80.0,-153.0,0
2948,,,,-140.0,155.0,0
2949,,,,120.0,67.0,0
2950,,,,12.0,-69.0,0
2951,,,,-120.0,119.0,0
2952,,,,84.0,47.0,0
2953,,,,0.0,83.0,0
2954,,,,-40.0,19.0,0
2955,,,,-136.0,87.0,0
2956,,,,0.0,63.0,0
2957,,,,28.0,-197.0,0
2958,,,,-116.0,51.0,0
2959,,,,124.0,-69.0,0
2960,,,,48.0,143.0,0
2961,,,,-108.0,35.0,0
2962,,,,-88.0,139.0,0
2963,,,,-4.0,15.0,0
2964,,,,-144.0,-37.0,0
2965,,,,-24.0,111.0,0
2966,,,,28.0,47.0,0
2967,,,,-192.0,207.0,0
2968,,,,112.0,15.0,0
2969,,,,40.0,-9.0,0
2970,,,,68.0,-73.0,0
2971,,,,8.0,27.0,0
2972,,,,-132.0,55.0,0
2973,,,,-196.0,159.0,0
2974,,,,-180.0,27.0,0
2975,,,,-156.0,79.0,0
2976,,,,-12.0,-21.0,0
2977,,,,-132.0,147.0,0
2978,,,,16.0,139.0,0
2979,,,,140.0,-69.0,0
2980,,,,-92.0,-65.0,0
2981,,,,-52.0,27.0,0
2982,,,,-208.0,183.0,0
2983,,,,-132.0,-41.0,0
2984,,,,96.0,-149.0,0
2985,,,,-144.0,151.0,0
2986,,,,144.0,-153.0,0
2987,,,,-76.0,-165.0,0
2988,,,,-168.0,-85.0,0
2989,,,,-216.0,71.0,0
2990,,,,-80.0,27.0,0
2991,,,,-116.0,-21.0,0
2992,,,,32.0,-129.0,0
2993,,,,100.0,-85.0,0
2994,,,,120.0,-85.0,0
2995,,,,144.0,-113.0,0
2996,,,,56.0,-193.0,0
2997,,,,-164.0,19.0,0
2998,,,,192.0,-181.0,0
2999,,,,32.0,95.0,0
